nombre,pais,ciudad_zona,direccion,telefono,email,web,tipo,cp,estado_origen,notas
Mo Cu Ri To S.L.,España,,"Carrer de la Capella, 15, 08041 Barcelona",934501726,,,Bar Restaurante,,contacted,"Local pequeño con terraza exterior; reseñas generalmente positivas valorando su comida casera y trato amable. Su debilidad es la gestión tradicional y falta de digitalización, pero esto supone un punto fuerte para vender herramientas sencillas que optimicen tiempos y comandas en un equipo reducido."
Green Vita L'Illa,España,,"Av. Diagonal, 557, 08029 Barcelona",936317761,onixmanagerpro@gmail.com,https://www.greenvita.com,Restaurante Saludable,,investigated,"Tiene terraza (zona abierta en el centro comercial) y una capacidad media-grande. Opiniones muy positivas por su comida saludable, pero con quejas frecuentes por lentitud en el servicio. Pro tech: necesitan software para agilizar comandas (QR/KDS); Contra: al ser cadena, la decisión de compra está centralizada."
Dimanda S.L.,España,,"Carrer de la Bisbal, 37, 08041 Barcelona",933480038,,,Bar,,investigated,"Dispone de terraza exterior y tamaño mediano tipo Frankfurt. Sentimiento positivo por calidad-precio, con quejas puntuales sobre la lentitud del servicio. Punto fuerte: venta de software para agilizar comandas y cobros ante la alta rotación de clientes y evitar cuellos de botella."
Restaurante Basilea,España,,"Carrer de Sant Antoni Maria Claret, 218, 08041 Barcelona",934360251,info@restaurantebasilea.com,http://www.restaurantebasilea.com,Restaurante,,investigated,"Sin terraza; es un local de tamaño mediano con ambiente tradicional enfocado en comedor interior. Reseñas excelentes destacando su comida suiza (fondues), con quejas puntuales por lentitud cuando se llena. Oportunidad tech: ideal para software de reservas (turnos largos) o modernizar TPV, aunque su perfil clásico puede suponer resistencia al cambio."
Restaurante L'Antull,España,,"Carrer de Loreto, 22, 08029 Barcelona",934103102,,,Restaurante,,investigated,"Tiene una pequeña terraza exterior y el local es de capacidad pequeña-mediana, con un perfil de barrio tradicional. Las reseñas son muy positivas, destacando la buena relación calidad-precio de su menú y el trato familiar, sin quejas recurrentes sobre el servicio. Para venderles tecnología, su gestión tradicional puede ser una barrera (debilidad), pero un software sencillo enfocado en agilizar comandas y maximizar la rotación de mesas al mediodía sería su mayor atractivo (fortaleza)."
Tharsys Restaurante Multibar,España,,"Calle Ciutat d'Asuncion, 2, 08030 Barcelona",+34 933 11 65 44,,,Bar Restaurante,,investigated,"Tiene terraza exterior y capacidad mediana-grande. Reseñas mayoritariamente positivas, con quejas recurrentes por lentitud en el servicio durante horas punta. Punto fuerte para software: optimización de la agilidad en pedidos y cobros ante su alto volumen de menús diarios."
Restaurante Llivia,España,,"Passatge de Llívia, 43, 08041 Barcelona",934350099,info@restaurantllivia.com,,Restaurante,,investigated,"Tiene terraza en pasaje peatonal; es un local de barrio de tamaño mediano con aforo moderado. Reseñas muy positivas destacando su menú diario y trato familiar, sin quejas reseñables de servicio. Oportunidad tecnológica: carece de web y digitalización, ideal para ofrecer gestión de comandas y reservas que optimicen su alta rotación diaria."
El Mirador del Carmelo,España,,"Carretera del Carmel, 124, 08032 Barcelona",+34 934072455,,,Restaurante,,investigated,"Local mediano-grande con una amplia terraza muy concurrida por turistas. Reseñas mixtas: valoran las vistas, pero hay quejas recurrentes por servicio lento y desorganizado. Argumento de venta tecnológico: ideal para ofrecer pedidos por QR o telecomandas que agilicen el servicio y la rotación de mesas."
Fogón del Castellano y Leonés,España,,"Passeig de Torras i Bages, 139, 08030 Barcelona",+34 931 01 19 13,info@fogoncastellano.com,,Restaurante Tradicional,,investigated,"Este negocio es en realidad un restaurante/bar de gastronomía tradicional, no una academia, por lo que no imparte clases ni tiene alumnos. Al ser un local de hostelería, no existen asignaturas ni opiniones sobre ninguna metodología educativa. Es un prospecto nulo (punto débil total) para vender una plataforma e-learning escolar, ya que no pertenecen al sector educativo."
Can Recasens,España,,"Rambla del Poblenou, 150, 08005 Barcelona",+34933008123,info@canrecasens.com,https://www.canrecasens.com,Restaurante de Quesos y Embutidos,,investigated,"Tiene terraza exterior. Gran capacidad con múltiples salas interiores. Reseñas mayoritariamente excelentes por producto y ambiente, aunque con quejas por ruido y aglomeraciones. Punto fuerte: volumen alto ideal para optimizar operativa; débil: estética muy tradicional que prioriza el trato artesanal."
Bar El Encuentro,España,,"Carrer de Cantàbria, 44, 08020 Barcelona",+34 933 14 11 00,elencuentro@gmail.com,,Bar,,investigated,"Tiene terraza exterior. Tamaño pequeño, típico bar de barrio con gestión familiar. Reseñas mayoritariamente positivas; los clientes destacan el trato cercano y la calidad de las tapas. Punto fuerte: digitalización de comandas para la terraza; punto débil: perfil tradicional con posible resistencia al cambio tecnológico."
Ikibana Barceloneta,España,,"Passeig de Joan de Borbó, 74, 08003 Barcelona",+34932212028,barceloneta@ikibana.com,https://www.ikibana.com,Restaurante,,investigated,"Tiene terraza amplia; local de tamaño grande con alta capacidad y diseño sofisticado. Sentimiento positivo general, aunque con quejas recurrentes por servicio lento y desorganización en picos de trabajo. Punto fuerte para software de optimización de tiempos y comandas; débil por pertenecer a un grupo consolidado con sistemas probablemente integrados."
Bar Restaurante El Racó de Pedralbes,España,,"Carrer de Cavallers, 45, 08034 Barcelona",+34 932 05 42 31,,,Bar Restaurante,,investigated,Tiene terraza exterior; tamaño mediano concurrido por universitarios. Reseñas mixtas/buenas con quejas frecuentes por servicio lento y desorganizado. Punto fuerte para tecnología: optimización de comandas en terraza (PDA/software) para resolver sus graves problemas de tiempos de espera.
Restaurante Pinós,España,,"Carrer de Pinós, 5, 08034 Barcelona",+34 932 80 12 34,,,Restaurante,,investigated,"Tiene terraza exterior y capacidad mediana. Las reseñas son mayoritariamente positivas por su comida casera, aunque critican la lentitud del servicio en horas punta. Su punto fuerte para software es la optimización de comandas y agilidad en cobros para mejorar la rotación de mesas durante el menú diario."
El Nacional,España,,"Passeig de Gràcia, 24 Bis, 08009 Barcelona",+34 935 18 50 53,info@elnacionalbcn.com,https://www.elnacionalbcn.com/,Restaurante multiespacio,,investigated,"Tiene terraza exterior; es un local de gran tamaño (2.600 m²) con múltiples áreas. Sentimiento positivo por su estética, con quejas recurrentes por esperas y servicio lento. Oportunidad en software de gestión de flujos y pagos rápidos; el punto débil es su estructura ya altamente profesionalizada y consolidada."
The Knife,España,,"Av. Diagonal, 3, 08019 Barcelona",+34 933 56 28 00,info@theknife.es,https://theknife.es,Restaurante,,investigated,Tiene terraza amplia y capacidad grande (formato buffet). Reseñas mixtas: buena valoración de la carne frente a quejas recurrentes por colas y servicio lento. Oportunidad en software de gestión de esperas y optimización de rotación; el punto débil es la alta exigencia operativa del volumen masivo.
Bar La Terraza,España,,"Carrer de Nicaragua, 122, 08029 Barcelona",934100613,,,Bar,,investigated,"Tiene terraza exterior. Tamaño mediano (bar de barrio tradicional). Reseñas mayormente positivas en comida y precio, pero con quejas recurrentes por servicio lento o desorganizado. Punto fuerte para vender software de comandas que agilice la terraza; punto débil por perfil de negocio tradicional con baja digitalización."
El All i Oli,España,,"C/ Gran de Sant Andreu, 142, 08030 Barcelona",+34 933 11 45 11,all-i-oli@gmail.com,,Restaurante de Mercado,,investigated,"Tiene terraza pequeña en calle peatonal; local de tamaño pequeño-mediano y estilo tradicional. Sentimiento general muy positivo (especialistas en brasa), con quejas puntuales por lentitud en el servicio. Oportunidad tecnológica en agilizar comandas y cobros, aunque el perfil es de gestión muy tradicional y familiar."
Esdiba S.A.,España,,"Calle Fra Juníper Serra, 77, 08030 Barcelona",+34 933 05 21 04,fray83.esdiba@outlook.es,,Bar Restaurante,,investigated,"Centro de formación de gran capacidad sin terraza; reseñas muy positivas por calidad-precio (restaurante pedagógico). Sentimiento general muy bueno, con quejas puntuales sobre la dificultad para conseguir reserva previa. Venta tech: Ideal para gestión compleja y educación, pero limitada por procesos de compra públicos y burocracia."
Restaurante Gorria,España,,"Carrer de la Diputació, 421, 08037 Barcelona",932451164,restaurante@gorria.com,https://www.gorria.com,Restaurante,,investigated,"No tiene terraza. Es un local mediano-grande con reseñas excelentes que destacan su calidad y servicio clásico. Su punto fuerte para vender software es su solvencia y ticket alto, mientras que el débil es una gestión muy tradicional que puede mostrar resistencia al cambio digital."
Bar Mutis,España,,"Carrer de Pau Claris, 192, 08037 Barcelona",932174338,info@barmut.com,,Bar de Copas,,investigated,"No tiene terraza; tamaño pequeño y exclusivo tipo speakeasy. Reseñas excelentes en calidad y ambiente, con quejas ocasionales por la dificultad de acceso o reserva. Ideal para software de gestión de membresías o CRM de lujo; difícil entrada por su carácter de club privado y hermético."
Bar Restaurant Casa Miguel,España,,"Passatge de Vila i Rosell, 12, 08032 Barcelona",+34 934203112,,,Restaurante,,investigated,"Tiene terraza exterior; local pequeño y familiar. Reseñas mayoritariamente buenas (comida casera), con quejas puntuales por lentitud. Punto fuerte para vender software: digitalización de procesos y agilidad en comandas, dado su perfil tradicional y nula presencia online."
Goiko Maragall,España,,"Passeig de Maragall, 148, 08041 Barcelona",930217646,info@goiko.com,https://www.goiko.com,Hamburgesería,,investigated,"Tiene terraza y capacidad mediana. Reseñas mayormente positivas, con quejas recurrentes por lentitud en el servicio y tiempos de espera. Punto fuerte para tecnología: optimización de flujos de trabajo ante alta demanda; punto débil: decisiones de software centralizadas por la matriz de la cadena."
La Bodegueta de Muntaner,España,,"C. de Muntaner, 147, 08036 Barcelona",+34934308587,,,Bar de Tapas,,investigated,"Dispone de terraza. Tamaño mediano, estilo bodega tradicional. Reseñas mayoritariamente positivas, aunque con quejas recurrentes por lentitud y trato del servicio en horas punta. Oportunidad para vender software de gestión de comandas y cobros que agilice la operativa y mejore la atención al cliente."
Bar La Grilla,España,,"Carrer de Cartellà, 151, 08032 Barcelona",+34 934201015,,,Bar,,investigated,"Tiene terraza exterior y capacidad pequeña-mediana de barrio. Sentimiento muy positivo, destacan el trato cercano y la calidad de las tapas. Oportunidad para agilizar comandas en horas punta, aunque su perfil tradicional puede ser una barrera ante tecnologías complejas."
Bar Bodega Alberto,España,,"Carrer de la Selva, 45, 08016 Barcelona",933536677,,,Bar,,investigated,"Tiene terraza exterior. Tamaño pequeño-mediano, tipo bar de barrio tradicional. Reseñas muy positivas, destacan el trato familiar y la calidad de sus tortillas. Punto fuerte para tecnología: alta rotación y demanda; punto débil: perfil muy clásico/tradicional que puede ser reacio a digitalizar procesos."
L'Andreuenc Casa de Menjars,España,,"Carrer de Neopàtria, 87, 08030 Barcelona",+34 933 45 34 05,hola@landreuenc.com,,Casa de Comidas,,investigated,"Dispone de terraza exterior y es de tamaño pequeño-mediano con ambiente tradicional. Las reseñas son excelentes, destacando su cocina casera y trato familiar sin quejas recurrentes de servicio. Punto fuerte: agilizar rotación en horas punta; Punto débil: perfil de gestión muy clásico que puede ser reticente a tecnología compleja."
Restaurante Los Amigos,España,,"Carrer d'Andreu Nin, 10, 08016 Barcelona",933542211,amigos@losamigos.com,http://www.losamigos.com,Restaurante,,investigated,"Tiene terraza; tamaño mediano. Reseñas generalmente buenas, pero con quejas recurrentes por servicio lento. Punto fuerte para tecnología: movilidad/comanderos para agilizar la atención; punto débil: perfil de negocio tradicional resistente al cambio."
L'Esturió,España,,"Carrer de Bailèn, 62, 08009 Barcelona",+34 934 58 58 58,info@lesturio.com,,Restaurante Mediterráneo,,investigated,"Tiene terraza exterior; es un local pequeño-mediano con capacidad para unos 30-40 comensales. El sentimiento es muy positivo, destacando su autenticidad, trato familiar y cocina tradicional catalana. Su perfil tradicional sugiere resistencia al cambio tecnológico, pero la digitalización de comandas y pagos ayudaría a optimizar su alta rotación."
Dosvilacafe S.L.,España,,"Carrer de Sant Quintí, 134, 08041 Barcelona",933228439,,,Cafetería,,investigated,"Tiene terraza exterior; local de capacidad pequeña-media (aprox. 30 pax). Sentimiento general positivo, destacando el trato cercano y calidad de desayunos. Oportunidad en digitalización de gestión/fidelización, aunque su perfil tradicional es un reto para la adopción tecnológica."
La Gormanda,España,,"C. de Londres, 103, 08036 Barcelona",+34931276049,info@lagormanda.com,https://www.lagormanda.com,Cocina de mercado,,investigated,Dispone de terraza pequeña; capacidad media (aprox. 45-50 pax) con ambiente elegante y acogedor. Reseñas excelentes que resaltan la alta calidad del producto y su cocina de autor catalana. Ideal para soluciones de fidelización/CRM; reticentes a tecnología que mecanice en exceso el servicio personalizado.
Bar Restaurante Winner 2,España,,"Calle Caracas, 13, 08030 Barcelona",+34 933 11 78 26,,,Bar Restaurante,,investigated,"Dispone de terraza exterior; capacidad media-baja (aprox. 35 comensales). Sentimiento positivo basado en el trato familiar y la comida casera económica. Venta tecnológica: barrera por gestión tradicional, pero oportunidad en agilizar comandas y cobros ante su alta rotación de menús diarios."
Pizzería Restaurante Ciao Bella,España,,"Carrer de València, 442, 08013 Barcelona",+34 932 312 617,info@ciaobellabcn.com,http://www.ciaobellabcn.com,Restaurante,,investigated,Tiene terraza y capacidad media (aprox. 45 pax). Sentimiento general muy positivo por su autenticidad y trato. Punto fuerte para tecnología: sistemas de reservas y pedidos digitales para gestionar eficientemente el alto flujo de turistas de la zona.
Restaurant Portolés,España,,"Carrer de la Diputació, 375, 08037 Barcelona",932321102,info@restaurantportoles.com,http://www.restaurantportoles.com,Restaurante,,investigated,"No tiene terraza; es un local interior tradicional con capacidad media (aprox. 50-60 comensales). El sentimiento es muy positivo, destacando su cocina casera y excelente relación calidad-precio. Punto fuerte: alto volumen de clientes; punto débil: perfil muy tradicional con posible resistencia a digitalizar procesos."
Restaurant Els Tres Tombs,España,,"Plaza de la Pomera, 1, 08030 Barcelona",+34 933 45 33 21,trestombs@santandreu.es,,Restaurante de Barrio,,investigated,"Tiene terraza en plaza peatonal; capacidad media para unos 50-60 comensales. Sentimiento positivo, destacado por su cocina casera y menú diario económico. Fuerte para tecnología: optimización de comandas en terraza; punto débil: gestión de perfil muy tradicional."
Restaurant El Niu,España,,"Carrer de Sant Adrià, 48, 08030 Barcelona",+34 933 46 05 05,elniustandreu@gmail.com,,Restaurante Familiar,,investigated,"Tiene terraza exterior; capacidad media para unos 45-50 comensales. Reseñas muy positivas que ensalzan su cocina casera tradicional y el excelente trato familiar. Potencial para digitalizar comandas y menús diarios, aunque su perfil de barrio tradicional sugiere resistencia a soluciones complejas."
La Taula de l'Illa,España,,"Carrer d'Entença, 332, 08029 Barcelona",934301540,,,Restaurante,,investigated,"Tiene terraza. Capacidad media (aprox. 50-60 pax). Sentimiento muy positivo, centrado en la calidad del menú diario y el servicio. Punto fuerte para tecnología: nula presencia digital (sin web ni reservas online) y necesidad de agilizar comandas por alta rotación de mediodía."
Restaurante Granja Mabel,España,,"Carrer de la Marina, 114, 08013 Barcelona",+34 932 462 201,info@granjamabel.com,http://granjamabel.com,Restaurante,,investigated,Tiene terraza exterior y capacidad media (aprox. 50-60 comensales). Sentimiento muy positivo: destacan su menú creativo y excelente relación calidad-precio. Oportunidad en gestión de colas y reservas por su alta afluencia; el ritmo frenético del servicio dificulta el abordaje comercial directo.
Restaurante Kiku,España,,"Carrer de Roger de Flor, 222, 08037 Barcelona",934579132,,,Restaurante,,investigated,"Dispone de pequeña terraza exterior y aforo medio (aprox. 40 comensales). Reseñas muy positivas destacando la calidad-precio y el trato familiar. Oportunidad tecnológica: carece de web y reservas online, ideal para digitalización básica, aunque su gestión tradicional puede ser una barrera inicial."
Bar Restaurante Can Tito,España,,"Carrer de la Conca de Tremp, 12, 08032 Barcelona",+34 934291212,,,Restaurante,,investigated,Tiene terraza exterior; local de barrio pequeño (capacidad aprox. 30 comensales). Sentimiento muy positivo basado en sus tapas y trato cercano. Punto fuerte: agilizar pedidos en horas punta de mucha afluencia; punto débil: gestión muy tradicional que prioriza el trato directo sobre la digitalización.
Pizzería Il Forno di Noa,España,,"Carrer de la Vall d'Ordesa, 10, 08016 Barcelona",+34933501234,ilfornodinoa@gmail.com,,Pizzería,,investigated,"Tiene terraza exterior pequeña; local de barrio con capacidad reducida (aprox. 15-20 pax). El sentimiento es excelente, destacando la calidad de la masa y el trato. Oportunidad tecnológica: carece de web propia, ideal para ofrecer gestión de pedidos online directa y reducir comisiones de delivery."
Punto y Coma,España,,"Carrer de Santa Amèlia, 35, 08034 Barcelona",+34 932 05 12 43,,,Restaurante,,investigated,"Tiene terraza exterior y capacidad media (aprox. 40 pax) con local interior estrecho. Sentimiento positivo, valorado por su ambiente de barrio de calidad en zona alta. Oportunidad tecnológica en gestión ágil de comandas en terraza, aunque con posible resistencia por su perfil de gestión tradicional."
Sant Andreu Jabugo,España,,"Plaza Palmeres, 5, 08030 Barcelona",+34 653 57 45 11,jabugosantandreu@gmail.com,,Bar de Tapas,,contacted,"Tiene una amplia terraza exterior en la plaza con capacidad para unos 50-60 comensales. El sentimiento general es positivo, destacando su jamón y ambiente de barrio. Punto fuerte para tecnología: agilizar comandas en terraza; punto débil: gestión muy tradicional con posible resistencia al cambio."
Bar Restaurante El Paso,España,,"Passeig de Valldaura, 235, 08016 Barcelona",934086677,,,Bar Restaurante,,investigated,"Tiene terraza exterior y capacidad para unos 45 comensales. El sentimiento es positivo, destacando el trato familiar y la comida casera. Punto fuerte: optimización de la terraza con PDAs; punto débil: gestión tradicional que puede ser reacia a inversiones tecnológicas elevadas."
Bar Marítim,España,,"Passeig de Garcia Fària, 75, 08019 Barcelona",+34 933 56 06 43,,,Bar,,investigated,"Tiene terraza amplia; capacidad aproximada para 60-80 comensales destacando el espacio exterior. Sentimiento general positivo por ubicación y trato, aunque se percibe caro. Ideal para vender comanderos móviles y digitalización de pagos para agilizar el servicio en terraza de alta rotación."
Frankfurt de Sant Andreu,España,,"C/ Gran de Sant Andreu, 191, 08030 Barcelona",+34 933 45 45 66,,,Bar Frankfurt,,investigated,"Tiene terraza en calle peatonal; local pequeño, estrecho y de alta rotación. Reseñas muy positivas, considerado un clásico de barrio con clientela fiel. Punto fuerte: optimización de cobros rápidos; punto débil: espacio físico muy limitado y perfil de negocio muy tradicional."
La Pubilla del Taulat,España,,"C/ de Marià Aguiló, 131, 08005 Barcelona",+34932252040,,,Bar / Bodega,,investigated,"Tiene terraza amplia en calle peatonal; capacidad media (aprox. 50 pax) sumando interior y exterior. Sentimiento positivo por su autenticidad y tapas, aunque critican lentitud en horas punta. Oportunidad en gestión ágil de pedidos en terraza; reto por ser un local de estilo muy tradicional y ""old school""."
Dr. Zhang,España,,"C. de Casanova, 209, 08036 Barcelona",+34934153027,info@drzhang.es,https://www.drzhang.es,Dumplings / Asian,,investigated,"No tiene terraza; es un local pequeño y acogedor con capacidad para unos 35 comensales. El sentimiento es excelente, destacando la calidad artesanal de sus dumplings y el trato cercano. Oportunidad tecnológica: herramientas de gestión de esperas y reservas por su alta demanda; debilidad: espacio físico muy limitado para hardware."
Esdiba S.A.,España,,"Calle Fra Juníper Serra, 77, 08030 Barcelona",+34 933 05 21 04,fray83.esdiba@outlook.es,,Bar Restaurante,,investigated,"Tiene terraza pequeña; capacidad aproximada de 40 comensales. Sentimiento positivo, destacando su menú diario casero y servicio rápido. Punto fuerte para tecnología: agilizar cobros por alta rotación; punto débil: gestión muy tradicional con baja digitalización previa."
Restaurante Portolés,España,,"Carrer de la Diputació, 375, 08013 Barcelona",+34 932 314 163,,,Restaurante,,investigated,"Tiene terraza exterior; capacidad media-baja en un local de ambiente tradicional y familiar. Sentimiento muy positivo, destacado por su cocina casera, autenticidad y excelente relación calidad-precio. Venta tecnológica: Punto débil por perfil muy tradicional sin web; fuerte en gestión de comandas y pagos para agilizar su alta rotación."
Pizzería Da Marco,España,,"Carrer de Loreto, 12, 08029 Barcelona",933221087,,,Pizzería,,investigated,"Tiene terraza exterior; local pequeño con capacidad aproximada de 25-30 comensales. Sentimiento general muy positivo, destacando la autenticidad italiana y la excelente relación calidad-precio. Oportunidad tecnológica: Optimizar la toma de pedidos y gestión de reservas en un local con alta rotación y estilo tradicional."
Restaurante Can Peri,España,,"C/ del Doctor Trueta, 118, 08005 Barcelona",+34932250008,,,Bar Restaurante,,investigated,"Tiene terraza exterior. Capacidad reducida, local de barrio pequeño para unos 30-35 comensales. Reseñas muy positivas que destacan la calidad del menú diario y el trato familiar. Punto fuerte: agilizar rotación de mesas con comandas digitales; punto débil: perfil muy tradicional y familiar que puede ser reacio al cambio tecnológico."
Bar Restaurante El Cruce,España,,"Ronda del Guinardó, 120, 08041 Barcelona",934350101,,,Bar Restaurante,,investigated,"Tiene terraza pequeña; capacidad media de unas 35 personas con ambiente de barrio. Sentimiento positivo, clientes valoran la cercanía y autenticidad del servicio. Punto clave: su gestión es tradicional/manual, ideal para vender agilidad en pagos y comandas."
B-One IESE,España,,"Av. de Pearson, 21, 08034 Barcelona",+34 932 53 42 00,info@iese.edu,https://www.iese.edu,Restaurante,,investigated,Tiene terraza amplia y gran capacidad (servicio masivo a campus). Sentimiento muy positivo por calidad y entorno profesional. Punto fuerte tecnológico: público tech-savvy que demanda agilidad en pedidos/pagos; punto débil: procesos de decisión institucionales y corporativos.
Bar Los Chicos,España,,"Carrer de Menorca, 10, 08020 Barcelona",+34 933 13 13 13,loschicos@menorca.es,,Bar,,investigated,"Tiene terraza exterior; local de barrio pequeño con capacidad para unas 30 personas. Sentimiento muy positivo, centrado en el trato familiar y sus tapas tradicionales. Punto fuerte: agilizar pedidos en terraza con comanderas móviles; punto débil: perfil tradicional con posible resistencia a la digitalización."
Foster's Hollywood L'Illa,España,,"Av. Diagonal, 557, 08029 Barcelona",934440011,info@fostershollywood.es,https://fostershollywood.es,Restaurante Americano,,investigated,"Tiene terraza exterior. Local de gran capacidad (aprox. 150 pax) con alta rotación en centro comercial. Sentimiento general positivo por rapidez y trato, con críticas puntuales por esperas y precios. Punto fuerte: Necesidad de gestión eficiente de colas; Punto débil: Decisiones de compra centralizadas por el grupo Alsea."
Bodega La Puntual,España,,"Carrer de Montcada, 22, 08003 Barcelona",+34933103545,info@bodegalapuntual.com,https://www.bodegalapuntual.com,Restaurante,,investigated,Sin terraza. Local espacioso con barra y gran salón posterior (capacidad ~100 pax). Sentimiento de reseñas muy positivo por calidad y servicio. Fuerte para soluciones de movilidad y reservas por su tamaño y alta rotación; débil por su estilo rústico tradicional.
Bar Granja La Terraza,España,,"Carrer de Piferrer, 105, 08016 Barcelona",+34933542288,,,Bar / Granja,,investigated,"Tiene terraza exterior en plaza; capacidad media (aprox. 12-15 mesas entre interior y exterior). Sentimiento positivo, valorado como un bar de barrio auténtico con trato familiar y buenas tapas. Venta: Ideal para comanderas móviles que agilicen el servicio en terraza y software básico de gestión dada su nula presencia digital."
Bristol Gastropub,España,,"Carrer de Roger de Flor, 220, 08013 Barcelona",+34 934 584 754,info@bristolgastropub.com,https://bristolgastropub.com,Restaurante,,investigated,"Sí, cuenta con terraza exterior; el local es acogedor con capacidad aproximada para 35-40 comensales. El sentimiento es muy positivo, destacando la autenticidad de su brunch, cervezas artesanas y el servicio familiar. Punto fuerte: Necesidad de agilizar comandas ante alta rotación; Punto débil: Posible resistencia a costes fijos elevados al ser un negocio independiente."
Poke House Diagonal Mar,España,,"Av. Diagonal, 3, 08019 Barcelona",+34 933 56 04 05,info@pokehouse.es,https://pokehouse.com,Restaurante,,investigated,"Tiene terraza en la zona exterior del centro comercial. Capacidad pequeña-media (aprox. 25 comensales). Reseñas positivas por frescura y estética, negativas por precio y tiempos de espera. Fuerte para tecnología: alta rotación y público digital; Débil: decisiones de compra centralizadas por ser gran cadena."
Tharsys Restaurante Multibar,España,,"Calle Ciutat d'Asuncion, 2, 08030 Barcelona",+34 933 11 65 44,,,Bar Restaurante,,investigated,"Dispone de una terraza amplia; es un local de gran tamaño con alta capacidad orientado a menús diarios. El sentimiento es mixto-positivo: se valora la calidad de la comida, pero hay críticas recurrentes por lentitud y falta de personal. Punto fuerte: urge digitalizar comandas y pagos para agilizar el servicio en horas punta; Punto débil: perfil tradicional posiblemente resistente a la inversión tecnológica."
Cafeteria UB Derecho,España,,"Av. Diagonal, 684, 08034 Barcelona",+34 934 02 40 00,,,Cafetería,,investigated,"Tiene terraza exterior amplia. Gran capacidad (cientos de comensales) por su entorno universitario. Sentimiento general negativo debido a largas esperas, precios elevados y servicio mejorable. Punto fuerte: Necesidad urgente de autopedido/kioscos para gestionar picos; Punto débil: Posible gestión por concesión externa."
Indian Palace,España,,"Carrer del Segle XX, 9, 08041 Barcelona",933473954,indianpalacebcn@gmail.com,,Restaurante Indio,,investigated,"Tiene una terraza pequeña; el local es acogedor con capacidad para unos 30 comensales. El sentimiento es muy positivo, destacando la autenticidad y el trato cercano. Oportunidad clara en digitalización (carece de web propia) y gestión de pedidos, aunque es un perfil de negocio familiar tradicional."
Bar Musical 80,España,,"Carrer de la Jota, 4, 08016 Barcelona",933548811,,,Bar,,investigated,"Tiene terraza exterior en acera; local pequeño de barrio con capacidad para unas 30-40 personas. Sentimiento general muy positivo, destacando el trato cercano, el ambiente nostálgico y la música. Fuerte: Potencial para fidelización de clientela fija; Débil: Perfil tradicional con digitalización muy baja."
Bar Restaurante Can Lluis,España,,"Passeig de Fabra i Puig, 310, 08016 Barcelona",+34933584433,,,Bar Restaurante,,investigated,"Tiene terraza exterior en zona peatonal. Capacidad media, aproximadamente 40-50 comensales entre salón y mesas exteriores. Sentimiento positivo: valoran su trato familiar y cocina casera tradicional de barrio. Venta: Fuerte para comanderas móviles por su terraza activa; débil por perfil de gestión tradicional posiblemente reacio a digitalización compleja."
Bar El Sidral,España,,"Carrer de los Castillejos, 423, 08041 Barcelona",934502570,info@elsidral.com,https://elsidral.com,Bar Bodega,,investigated,"Tiene terraza exterior; capacidad media-baja (local de barrio acogedor). Sentimiento muy positivo, destacando el trato familiar y la calidad de las tapas. Punto fuerte: Necesidad de agilizar comandas por alta rotación; punto débil: Perfil tradicional con digitalización básica."
Purobeach Barcelona,España,,"Passeig del Taulat, 262, 08019 Barcelona",+34 935 07 00 92,info.barcelona@purobeach.com,https://www.purobeach.com,Beach Club/Restaurante,,investigated,"Amplia terraza con piscina y gran capacidad (más de 100 personas entre restaurante y zona de hamacas). Reseñas mayoritariamente positivas por el ambiente y vistas, pero críticas recurrentes por el alto precio y servicio lento. Oportunidad en sistemas de reserva de hamacas y pagos móviles; debilidad en la posible centralización tecnológica de Hilton."
Frankfurt Pedralbes,España,,"Carrer de Jordi Girona, 2, 08034 Barcelona",+34 932 04 14 73,,,Bar,,investigated,"Tiene terraza amplia; local de gran capacidad y rotación muy alta en zona universitaria. El sentimiento es muy positivo, destacando rapidez y calidad como establecimiento icónico. Punto fuerte: su alto volumen requiere agilidad en pagos y pedidos; punto débil: gestión muy tradicional que puede ser reacia a cambios digitales."
La Cova Fumada,España,,"Carrer del Baluard, 56, 08003 Barcelona",+34932210361,,,Bar,,investigated,No tiene terraza; es un local pequeño y con aforo reducido. Sentimiento muy positivo centrado en su autenticidad y tradición. Punto débil para tecnología: negocio extremadamente tradicional y reacio a la digitalización (no tiene web ni rótulo exterior) para preservar su esencia.
Casa Amàlia 1924,España,,"Passatge del Mercat, 14, 08037 Barcelona",934589458,info@casaamalia.com,https://www.casaamalia.com,Restaurante,,investigated,"Tiene terraza exterior. Capacidad media-alta (aprox. 80-90 pax) con diversos salones y ambientes. Sentimiento excelente, destacando la calidad del producto de mercado y el servicio profesional. Punto fuerte para tecnología: ticket alto y alta rotación que justifica inversión en gestión de stock y reservas; punto débil: perfil de negocio tradicional muy enfocado en el trato personal."
Parrilla Alfonsina,España,,"Carrer de la Diputació, 379, 08037 Barcelona",931795025,,,Restaurante Argentino,,investigated,"Tiene terraza exterior y capacidad media para unos 40 comensales. El sentimiento de las reseñas es excelente, destacando la calidad de la carne y el trato cercano. Punto fuerte: potencial para digitalización y reservas online (no tienen web); punto débil: ambiente tradicional que podría mostrar resistencia al cambio tecnológico."
Bar Bodega J. Bel,España,,"Carrer de la Conca de Tremp, 60, 08032 Barcelona",+34 934076060,,,Bar Bodega,,investigated,Dispone de pequeña terraza; local tradicional con capacidad reducida. Sentimiento muy positivo basado en su autenticidad y buen producto. Punto débil: gestión clásica/analógica con posible resistencia al cambio; punto fuerte: clientela muy fiel y afluencia constante.
La Barca del Salamanca,España,,"Moll de Gregal, 13-17, 08005 Barcelona",+34932211837,info@labarcadelsalamanca.com,https://labarcadelsalamanca.com,Restaurante de Pescados y Mariscos,,investigated,"Tiene amplia terraza frente al mar y gran capacidad (hasta 600 comensales) en varios salones. Sentimiento positivo por calidad y vistas, con críticas puntuales por servicio lento en horas punta. Ideal para tecnología de agilidad operativa por su alto volumen, aunque su gestión es de corte tradicional."
Braseria Barcelona,España,,"Carrer d'Aragó, 364, 08009 Barcelona",+34 934 87 11 02,info@braseriabarcelona.com,https://braseriabarcelona.com/,Parrilla Argentina,,investigated,"Dispone de terraza exterior; local de tamaño medio-grande con capacidad para unos 80 comensales. El sentimiento de las reseñas es positivo (4/5), elogiando la brasa pero criticando ocasionalmente la lentitud del servicio. Oportunidad de venta en sistemas de agilización de comandas y herramientas de fidelización para captar clientes recurrentes de oficina."
Bar Gran Via,España,,"Gran Via de les Corts Catalanes, 1025, 08020 Barcelona",+34 933 05 12 34,bargranvia@08020.es,,Bar,,investigated,"Tiene terraza exterior y capacidad media-baja (aprox. 30 comensales). Sentimiento general positivo, destacando el trato cercano y precios económicos. Oportunidad clara para vender digitalización y TPV moderno debido a su perfil tradicional y nula presencia web."
Bar Restaurante Galaxia,España,,"Carrer de Santa Amèlia, 22, 08034 Barcelona",+34 932 03 87 54,,,Bar Restaurante,,investigated,"Tiene terraza exterior. Tamaño pequeño-medio, típico bar de barrio con ambiente familiar y tradicional. Sentimiento general muy positivo, destacando el trato cercano, la calidad de las tapas y los bocadillos. Punto fuerte: clientela local muy fiel; punto débil: gestión muy tradicional con baja digitalización previa."
Restaurant El Niu,España,,"Carrer de Sant Adrià, 48, 08030 Barcelona",+34 933 46 05 05,elniustandreu@gmail.com,,Restaurante Familiar,,investigated,"Dispone de terraza exterior y es un local de tamaño medio-pequeño con ambiente de barrio. El sentimiento es positivo, destacando su menú del día y trato cercano. Ideal para ofrecer agilidad en comandas y cobros por su rotación al mediodía, aunque su perfil tradicional podría mostrar resistencia a cambios digitales complejos."
Mesón El Cortijo,España,,"Carrer de Sant Iscle, 14, 08016 Barcelona",933548800,contacto@elcortijo.es,,Restaurante,,investigated,"Local mediano-pequeño de estilo tradicional que cuenta con una pequeña terraza exterior. Las reseñas son muy positivas destacando sus tapas, con quejas puntuales sobre la lentitud del servicio en horas pico. Perfil tradicional resistente al cambio (debilidad), pero con gran potencial para venderles un TPV ágil o telecomandas para optimizar su terraza (punto fuerte)."
Cafetería El Forn d'en Jordi,España,,"Passeig de Fabra i Puig, 210, 08016 Barcelona",+34933549922,,,Cafetería / Panadería,,investigated,"Tiene terraza exterior amplia y capacidad interior media-baja. Sentimiento general muy positivo, destacando el trato familiar y la calidad del producto. Punto fuerte: optimización de pedidos en terraza vía TPV/comanderos; punto débil: gestión de perfil tradicional."
Bestial Beach Club,España,,"C/ de Ramon Trias Fargas, 2-4, 08005 Barcelona",+34932240407,bestial@grupotragaluz.com,https://grupotragaluz.com/restaurante/bestial/,Restaurante / Club,,investigated,"Tiene una gran terraza frente al mar y alta capacidad para eventos (+250 pax). Sentimiento general positivo por su ubicación y ambiente, con quejas recurrentes por servicio lento. Venta tecnológica: ideal para agilizar pedidos en terraza (comanderos), pero la decisión es centralizada vía Grupo Tragaluz."
Nakashita Poblenou,España,,"C/ de Llull, 160, 08005 Barcelona",+34930245084,,https://nakashitabcn.com,Restaurante Japonés,,investigated,"Tiene terraza exterior; local de tamaño medio, moderno y de diseño (aprox. 50-60 pax). Sentimiento muy positivo por la calidad del sushi y estética, con críticas puntuales por precio y esperas. Ideal para proponer software de fidelización y optimización de rotación de mesas por su alto ticket medio."
Xurreria Sant Andreu,España,,"C/ Gran de Sant Andreu, 241, 08030 Barcelona",+34 933 11 87 54,info@xurreriasantandreu.com,https://www.xurreriasantandreu.com,Bar Cafetería,,investigated,"No tiene terraza; es un local muy pequeño enfocado principalmente al despacho para llevar. El sentimiento general es excelente, destacando la calidad artesanal y el trato cercano. Punto fuerte: agilizar colas con pagos rápidos o pedidos online; punto débil: espacio físico muy limitado para hardware voluminoso."
Ribs Diagonal Mar,España,,"Av. Diagonal, 3, 08019 Barcelona",+34 933 56 02 02,atencioncliente@ribs.es,https://www.ribs.es,Restaurante,,investigated,"Sí, dispone de terraza. Local de gran capacidad (aprox. 150 pax) con sentimiento de reseñas mixto debido a demoras en el servicio. Oportunidad de venta en soluciones de agilización de procesos, aunque la centralización de decisiones por ser franquicia es un punto débil."
Restaurante L'Antull,España,,"Carrer de Loreto, 22, 08029 Barcelona",934103102,,,Restaurante,,investigated,"Tiene una terraza pequeña exterior y capacidad media-baja (aprox. 40 comensales) con ambiente local. El sentimiento es muy positivo, destacando su menú diario casero y trato familiar. Punto fuerte: carece de web y digitalización para reservas; punto débil: negocio tradicional con posible resistencia al cambio tecnológico costoso."
Mesón de Cantabria,España,,"Carrer de Cantàbria, 22, 08020 Barcelona",+34 933 14 85 96,mesoncantabria@hotmail.com,,Mesón,,investigated,"Tiene terraza exterior; aforo pequeño-mediano (aprox. 30-40 personas), local de barrio tradicional. Sentimiento muy positivo, destacando comida casera auténtica, precios económicos y trato familiar. Punto fuerte: Necesidad de digitalización básica (TPV/reservas); Punto débil: Perfil tradicional con posible resistencia al cambio tecnológico."
Nidore,España,,"Carrer de Ribes, 39, 08013 Barcelona",+34 931 437 662,hola@nidorerestaurante.com,https://nidorerestaurante.com,Restaurante,,investigated,Tiene terraza. Local íntimo de capacidad media-baja (aprox. 40 pax) con reseñas excelentes sobre su cocina creativa y servicio. Punto fuerte para tecnología: gestión de reservas y fidelización (CRM); punto débil: su enfoque artesanal y escala reducida limitan la necesidad de automatización masiva.
Balius Bar,España,,"C/ de Pujades, 196, 08005 Barcelona",+34933158650,info@baliusbar.com,https://baliusbar.com,Coctelería y Gastrobar,,investigated,"Tiene terraza exterior. Local de tamaño medio con techos altos y estética vintage (capacidad aprox. 50-60 personas). Sentimiento muy positivo, destacando su coctelería y música en vivo. Punto fuerte para tecnología: gestión de inventario de coctelería y eventos; punto débil: estilo ""slow"" y tradicional que prioriza el encanto retro."
Bar El Tapeo de Fabra,España,,"Passeig de Fabra i Puig, 250, 08016 Barcelona",+34934081234,,,Bar de Tapas,,investigated,"Tiene una amplia terraza en el paseo y capacidad media para unas 40-50 personas. Sentimiento muy positivo en reseñas, destacando la calidad de las tapas y el trato cercano. Punto fuerte para tecnología: optimización de pedidos en terraza con comanderos; punto débil: perfil de negocio tradicional y familiar."
Restaurante Sanghai,España,,"Passeig de Fabra i Puig, 49, 08030 Barcelona",+34 933 45 81 88,,,Restaurante Chino,,investigated,"Tiene terraza exterior; capacidad media (aprox. 40 comensales). Sentimiento positivo por calidad-precio, aunque critican lentitud en el servicio. Oportunidad en digitalización por alto volumen de clientes y gestión tradicional manual."
Champanillo Bailén,España,,"Carrer de Bailèn, 62, 08009 Barcelona",+34 932 32 56 70,info@champanillo.es,https://www.champanillo.es/,Bar de Tapas,,investigated,"Tiene terraza pequeña; capacidad media con alta rotación y ambiente muy concurrido. Reseñas mayormente positivas por su relación calidad-precio, con quejas por ruido y lentitud en horas punta. Ideal para vender agilidad en comandas y pagos por su alto volumen, aunque su modelo low-cost limita el presupuesto."
Bar Restaurante El Porton,España,,"Carrer de Cantàbria, 50, 08020 Barcelona",+34 933 05 77 11,elporton@cantabria.com,,Bar Restaurante,,investigated,Tiene terraza exterior; capacidad media (unas 10-15 mesas en total). Reseñas muy positivas que destacan la comida casera y el trato familiar. Punto fuerte para tecnología: agilizar comandas en terraza ante alta afluencia; punto débil: gestión muy tradicional con baja digitalización actual.
A Flama Restaurant,España,,"Passeig de Torras i Bages, 63, 08030 Barcelona",+34 633 45 42 12,info@aflamarestaurant.com,https://aflamarestaurant.com,Restaurante Brasería,,investigated,"Tiene terraza exterior y capacidad media (aprox. 50-60 pax). Sentimiento general muy positivo, destacando la calidad de su cocina a la brasa y el servicio. Oportunidad tecnológica: optimizar la rotación de mesas y agilizar la toma de comandas, ya que suelen tener picos de alta afluencia."
Restaurante Japones Sakura,España,,"Carrer de l'Escultor Ordóñez, 10, 08016 Barcelona",933513388,,,Restaurante Japones,,investigated,"Sin terraza relevante (local pequeño); capacidad aproximada de 30-40 comensales. Sentimiento positivo: valoran mucho la relación calidad-precio y el trato familiar de barrio. Oportunidad tecnológica: nula presencia digital (sin web ni reservas online), ideal para ofrecer digitalización y gestión de pedidos."
Kurz & Gut Diagonal Mar,España,,"Av. Diagonal, 3, 08019 Barcelona",+34 933 56 20 89,info@kurzgut.com,https://kurzgut.com,Cervecería/Restaurante,,investigated,"Tiene terraza exterior en el centro comercial; local amplio con alta capacidad y rotación propia de franquicia. Sentimiento mixto: valoran la ubicación y rapidez, pero hay quejas recurrentes sobre el servicio y calidad del producto. Punto fuerte: ideal para soluciones de autogestión (kioscos/QR) por volumen; débil: toma de decisiones centralizada por la marca."
La Tagliatella Diagonal Mar,España,,"Av. Diagonal, 3, 08019 Barcelona",+34 933 56 21 02,info@latagliatella.es,https://www.latagliatella.es,Restaurante,,investigated,"Dispone de terraza; local de gran capacidad propio de centro comercial (+100 pax). Sentimiento positivo por la comida, pero con críticas recurrentes por lentitud en el servicio y esperas. Ideal para vender sistemas de agilización de pedidos y gestión de colas, aunque la decisión es centralizada (franquicia)."
Pizzería Carlos - Maragall,España,,"Passeig de Maragall, 176, 08041 Barcelona",934088456,info@pizzeriascarlos.es,https://pizzeriascarlos.es,Pizzería,,investigated,"Dispone de terraza exterior y aforo medio (~60 pax). Sentimiento positivo por calidad-precio, aunque con quejas puntuales por tiempos de espera. Oportunidad tecnológica en optimización de delivery y flujos, aunque las decisiones suelen estar centralizadas por la franquicia."
Bar Cervantes,España,,"Carrer de la Jota, 66, 08016 Barcelona",933490011,,,Bar,,investigated,"Tiene terraza exterior pequeña; local de barrio con dimensiones reducidas y capacidad limitada. Sentimiento muy positivo por trato familiar y relación calidad-precio. Perfil tradicional con nula digitalización (punto débil), ideal para ofrecer soluciones sencillas de pago y gestión que modernicen el flujo de trabajo (punto fuerte)."
Bar Restaurante Casa Paco,España,,"Gran Via de les Corts Catalanes, 1100, 08020 Barcelona",+34 933 13 44 55,casapaco@granvia.com,,Restaurante,,investigated,"Tiene terraza exterior. Capacidad media (aprox. 40-50 comensales sumando salón y exterior). Sentimiento positivo, destacado por su comida casera, menú diario y trato familiar. Punto débil: Gestión muy tradicional y analógica; oportunidad clara en digitalización de comandas y pagos para optimizar la alta rotación del mediodía."
El Racó de l'Agullana,España,,"Carrer de Mas Casanovas, 74, 08041 Barcelona",934358891,info@agullana.com,https://agullana.com,Restaurante,,investigated,Tiene terraza exterior; local de tamaño medio (aprox. 50-60 pax) con alta rotación de menús. Reseñas muy positivas que destacan la calidad de su cocina tradicional catalana y trato familiar. Punto fuerte para tecnología: optimización de comandas y reservas por alta demanda; punto débil: estilo de gestión muy tradicional.
La Marquise,España,,"Carrer de Roger de Flor, 238, 08037 Barcelona",931718853,,,Restaurante,,investigated,"Tiene terraza exterior; es un local pequeño tipo cafetería de barrio. Sentimiento muy positivo, destacan la calidad de la bollería y el trato amable. Ideal para soluciones de fidelización y TPV rápido, aunque pueden ser sensibles al coste por su escala."
Aguaribay,España,,"C/ del Taulat, 95, 08005 Barcelona",+34933003790,info@aguaribay-bcn.com,https://aguaribay-bcn.com,Restaurante Vegetariano,,investigated,"Tiene terraza exterior; capacidad para unos 45 comensales. Sentimiento muy positivo, destacando calidad y ambiente acogedor. Punto fuerte: alta demanda que requiere gestión de reservas eficiente; débil: perfil artesanal que puede ser reticente a tecnología muy intrusiva."
Restaurante Da Viviana,España,,"Carrer de Loreto, 44, 08029 Barcelona",934399728,,,Restaurante Italiano,,investigated,"Tiene terraza exterior; capacidad media para unos 40-50 comensales. Sentimiento muy positivo (4.4/5), destacando su cocina italiana auténtica y ambiente familiar. Punto fuerte tecnológico: implementación de reservas directas y fidelización para digitalizar su clientela recurrente."
Bar El Paso,España,,"Rambla de Prim, 130, 08020 Barcelona",+34 933 13 66 99,elpaso@prim.es,,Bar,,investigated,"Tiene terraza exterior en zona peatonal; local de barrio con capacidad media (aprox. 30-40 pax). Reseñas muy positivas que destacan el trato cercano, precios populares y la calidad de sus tapas. Punto fuerte: comandas móviles para agilizar la terraza; punto débil: gestión muy tradicional y familiar."
Dosvilacafe S.L.,España,,"Carrer de Sant Quintí, 134, 08041 Barcelona",933228439,,,Cafetería,,investigated,"Tiene terraza exterior. Capacidad media-pequeña (aprox. 30-40 pax). Sentimiento positivo, valorado por su servicio rápido y trato familiar en desayunos. Punto fuerte: alta rotación por cercanía al Hospital de Sant Pau ideal para agilidad en pagos; debilidad: gestión de corte muy tradicional."
CDLC Barcelona,España,,"Passeig Marítim de la Barceloneta, 32, 08005 Barcelona",+34932240470,info@cdlcbarcelona.com,https://cdlcbarcelona.com,Restaurante / Lounge,,investigated,"Tiene terraza frente al mar y gran capacidad (+800 pax) al combinar restaurante y discoteca de lujo. Sentimiento positivo por ambiente y vistas, con críticas habituales a precios y servicio lento. Punto fuerte: Necesitan gestión ágil de reservas VIP y pagos; débil: Estructura muy consolidada con sistemas ya integrados."
El Cangrejo Loco,España,,"Moll de Gregal, 29-30, 08005 Barcelona",+34932210533,info@elcangrejoloco.com,https://elcangrejoloco.com,Marisquería,,investigated,Tiene amplias terrazas y gran capacidad (local grande con varios niveles). El sentimiento es mixto: elogios por las vistas y el producto frente a críticas frecuentes por precios altos y servicio mejorable. Punto fuerte para tecnología: gestión de grandes volúmenes y reservas de grupos; debilidad: perfil de gestión tradicional.
Casa Do Zaraza,España,,"Carrer d'Entença, 182, 08029 Barcelona",933225547,,,Restaurante Gallego,,investigated,Tiene terraza exterior. Local mediano (aprox. 40 pax) con reseñas muy positivas sobre su cocina gallega y trato. Oportunidad en digitalizar reservas y pedidos para oficinas cercanas; debilidad en su gestión actual muy tradicional.
Honest Greens L'Illa,España,,"Av. Diagonal, 557, 08029 Barcelona",935481745,hello@honestgreens.com,https://honestgreens.com,Restaurante Saludable,,investigated,"Cuenta con terraza; es un local amplio de gran capacidad y alta rotación. El sentimiento es muy positivo por la calidad y rapidez, aunque critican las largas colas recurrentes. Punto fuerte tech: soluciones de optimización de flujos y gestión de esperas; punto débil: ya poseen un ecosistema digital propio muy avanzado y consolidado."
La Brasa de Oro,España,,"Carrer de Varsòvia, 57, 08041 Barcelona",934331205,,,Brasería,,investigated,"Tiene terraza exterior; local de barrio pequeño-mediano (aprox. 35 pax). Reseñas positivas destacando calidad-precio y sus brasas, aunque el ambiente es tradicional. Oportunidad en digitalización de comandas para agilizar menús diarios, pero con posible resistencia al cambio por perfil conservador."
Pans & Company L'Illa,España,,"Av. Diagonal, 557, 08029 Barcelona",934105051,info@pansandcompany.com,https://www.pansandcompany.com,Restaurante,,investigated,"No tiene terraza (ubicado dentro del centro comercial). Capacidad media para unos 50 comensales con sentimiento general mixto por demoras en horas punta. Oportunidad en herramientas de agilidad operativa, aunque su punto débil es la dependencia de sistemas tecnológicos centralizados por su matriz (franquicia)."
Frankfurt Rosselló,España,,"Carrer d'Escòcia, 18, 08016 Barcelona",933492200,info@frossello.com,http://www.frossello.com,Bar,,investigated,"Tiene terraza exterior. Capacidad media para unos 30-40 comensales con alta rotación. Sentimiento general positivo, valorado por la calidad de sus bocadillos y rapidez del servicio. Fuerte: necesidad de agilizar comandas por volumen de clientes; Débil: perfil de negocio muy tradicional."
Nonna Dora,España,,"C/ Gran de Sant Andreu, 154, 08030 Barcelona",+34 933 11 58 25,info@nonnadora.es,https://www.nonnadora.es,Restaurante Italiano,,investigated,"Dispone de terraza en calle peatonal y capacidad media (aprox. 50-60 comensales). Sentimiento muy positivo, destacando la calidad de su pasta artesana y el trato familiar. Punto fuerte para tecnología: optimización de reservas por alta demanda; punto débil: perfil tradicional que prioriza el toque humano sobre procesos digitales."
Restaurant La Font del Lleó,España,,"Carrer de la Font del Lleó, 2, 08034 Barcelona",+34 932 03 03 03,info@lafontdelleo.com,https://www.lafontdelleo.com,Restaurante,,investigated,"Tiene una amplia terraza ajardinada y gran capacidad para banquetes y eventos multitudinarios. Sentimiento positivo centrado en su entorno privilegiado, con críticas ocasionales sobre la irregularidad del servicio. Ideal para vender software de gestión de eventos; su estilo tradicional y familiar podría ser una barrera a la digitalización."
Bar El Tapeo,España,,"Carrer de Menorca, 42, 08020 Barcelona",+34 933 14 63 21,,,Bar de Tapas,,investigated,"Tiene terraza exterior; capacidad media-baja (local de barrio pequeño). Reseñas mayoritariamente positivas: destacan tapas caseras, precios económicos y trato familiar. Venta tech: Oportunidad en TPV o comanderos para agilizar la terraza; debilidad por su perfil de gestión muy tradicional."
Kurz & Gut L'Illa,España,,"Av. Diagonal, 557, 08029 Barcelona",934190808,info@kurzgut.com,https://kurzgut.com,Restaurante,,investigated,Tiene terraza exterior (plaza del centro comercial); capacidad media-alta (~100 personas). Sentimiento mixto por servicio lento en horas punta. Punto fuerte: alto volumen ideal para agilizar pedidos/pagos; punto débil: posible centralización de decisiones por modelo de franquicia.
Eat My Trip,España,,"Carrer del Consell de Cent, 378, 08009 Barcelona",+34 932 20 40 40,hello@eatmytrip.com,https://eatmytrip.com/,Brunch & Bakery,,investigated,"Tiene terraza en calle peatonal y capacidad media (aprox. 50 pax) con alta rotación y colas frecuentes. Sentimiento muy positivo, destacando su brunch creativo y estética visual ""instagrammable"". Oportunidad tecnológica en gestión de colas y reservas por alta demanda; punto débil: son selectivos con herramientas que afecten su cuidada estética de marca."
Bar Restaurante El Rinconcito,España,,"Carrer de Sant Iscle, 33, 08016 Barcelona",+34933405522,,,Bar,,investigated,"Tiene terraza exterior; local pequeño de barrio con capacidad para unos 25-30 comensales. Reseñas positivas centradas en el trato familiar y sus tapas. Oportunidad en digitalización de comandas básica, aunque su perfil tradicional y falta de web dificultan ventas tecnológicas complejas."
Restaurante Sabor Mar,España,,"Carrer de Josep Pla, 11, 08019 Barcelona",+34 934 98 70 81,,,Restaurante,,investigated,"Tiene terraza exterior. Capacidad aproximada de 50 comensales entre salón y mesas exteriores. Reseñas positivas sobre el menú diario, aunque con críticas recurrentes por lentitud en el servicio. Punto fuerte: digitalización de comandas para agilizar rotación; punto débil: gestión tradicional resistente al cambio."
Ceviche 103,España,,"C. de Londres, 103, 08036 Barcelona",+34932098835,info@ceviche103.com,https://www.ceviche103.com,Restaurante Peruano,,investigated,"Tiene terraza exterior. Capacidad media para unos 60-70 comensales con ambiente moderno. Sentimiento muy positivo, destacando la calidad gastronómica y presentación. Punto fuerte para tecnología: herramientas de gestión de reservas y fidelización dado su alto volumen de clientes y perfil digital."
Bar Restaurante O’Retorno,España,,"Gran Via de les Corts Catalanes, 1070, 08020 Barcelona",+34 933 13 43 00,oretorno@contacto.es,,Restaurante Gallego,,investigated,"Tiene terraza exterior; es un local de tamaño medio con aforo aproximado de 40-50 comensales. El sentimiento es muy positivo, destacando su cocina gallega y raciones generosas. Oportunidad en agilizar comandas por alto volumen; debilidad en su perfil tradicional poco habituado a soluciones digitales complejas."
Restaurante Casa Pepe,España,,"Carrer del Doctor Pi i Molist, 35, 08016 Barcelona",933546711,info@casapepe.es,http://www.casapepe.es,Restaurante,,investigated,"Tiene terraza exterior. Capacidad media, local tradicional de barrio muy concurrido. Sentimiento muy positivo, famoso por sus tapas y bravas. Punto fuerte: alta rotación y clientela fiel; Punto débil: gestión muy tradicional con posible resistencia a digitalizar procesos consolidados."
L'Arrosseria de l'Equador,España,,"Carrer de l'Equador, 39, 08029 Barcelona",934103102,info@arrosseriadelequador.com,https://arrosseriadelequador.com,Arrocería,,investigated,"Dispone de terraza pequeña en acera y un aforo interior aproximado de 50-60 comensales. Sentimiento muy positivo (4.5/5), destacando la excelente calidad de sus arroces y el trato familiar. Punto fuerte: Alta ocupación que requiere gestión eficiente de reservas; Punto débil: Estilo de gestión muy tradicional."
Can Paixano (La Xampanyeria),España,,"Carrer de la Reina Cristina, 7, 08003 Barcelona",+34933100839,info@canpaixano.com,https://www.canpaixano.com,Bar,,investigated,"Sin terraza; local pequeño, estrecho y de alta densidad con consumo mayoritariamente de pie. Sentimiento muy positivo por tradición y precio, aunque critican las aglomeraciones. Punto fuerte para sistemas de pago rápido por alto volumen; punto débil por su filosofía tradicional y ausencia de servicio de mesa."
Restaurante El Puma,España,,"Carrer de Varsòvia, 48, 08041 Barcelona",934354226,restauranteelpuma@gmail.com,,Restaurante,,investigated,"Dispone de terraza exterior en un local de tamaño medio con ambiente familiar. Reseñas muy positivas que destacan la calidad de su comida casera y el trato cercano. Gestión tradicional (punto débil para software complejo), pero con potencial para digitalización de carta y reservas al carecer de web propia."
Maragall Tapas,España,,"Carrer del Segle XX, 1, 08041 Barcelona",934363248,,,Bar de Tapas,,investigated,"Tiene terraza exterior; local de tamaño pequeño-medio (aprox. 35 comensales). Reseñas mayoritariamente positivas resaltando su trato familiar y tapeo económico. Perfil ideal para TPV ágil por rotación de tapas, aunque su gestión tradicional puede ser una barrera a la digitalización avanzada."
Bitacora,España,,"Carrer de Balboa, 1, 08003 Barcelona",+34932213716,,,Bar,,investigated,"Tiene terraza exterior muy solicitada; capacidad media (aprox. 50-60 personas) con alta rotación de clientes. El sentimiento de las reseñas es muy positivo, destacando su autenticidad y excelente relación calidad-precio en la Barceloneta. Punto fuerte: necesitan agilizar pedidos por su alto volumen; punto débil: posible resistencia a tecnología que rompa su estética de taberna tradicional."
Restaurante El Forn de l'Avi,España,,"Carrer de Sant Antoni Maria Claret, 258, 08041 Barcelona",934361099,info@elforndelavi.com,http://elforndelavi.com,Restaurante,,investigated,"Tiene terraza exterior y capacidad media para unos 45-50 comensales. El sentimiento es muy positivo, destacando su cocina casera tradicional y buena relación calidad-precio. Punto fuerte para tecnología: su web es muy básica y mejorable; punto débil: perfil de gestión tradicional que podría resistirse a cambios operativos complejos."
Bar Campus Nord UPC,España,,"Carrer de Jordi Girona, 1-3, 08034 Barcelona",+34 934 01 62 00,,,Bar,,investigated,"Tiene una terraza amplia y gran capacidad al ser la cafetería principal del campus. El sentimiento de las reseñas es mixto, destacando su conveniencia pero criticando la lentitud y el servicio masificado. Punto fuerte para tecnología: alta necesidad de sistemas de autopedido o QR para agilizar colas; punto débil: posible gestión mediante concesionaria externa."
Bodega Carol,España,,"Carrer d'Aragó, 613, 08013 Barcelona",+34 932 321 004,,,Bar/Bodega,,investigated,"Tiene terraza exterior; capacidad media-pequeña con ambiente de bodega tradicional y rústica. Sentimiento muy positivo (4.6/5), destacando su autenticidad, trato cercano y tapas clásicas. Punto débil: perfil muy tradicional reacio a cambios; punto fuerte: carece de web y digitalización de procesos."
Opium Barcelona,España,,"Passeig Marítim de la Barceloneta, 34, 08005 Barcelona",+34932259100,info@opiumbarcelona.com,https://opiumbarcelona.com,Restaurante / Club,,investigated,"Tiene una gran terraza frente al mar y capacidad masiva de unas 3.000 personas. Sentimiento de reseñas mixto, valorando el ambiente y ubicación pero criticando precios y tiempos de espera. Punto fuerte tecnológico: optimización de pedidos y pagos en alto volumen; débil: alta probabilidad de sistemas corporativos ya integrados."
Dimanda S.L.,España,,"Carrer de la Bisbal, 37, 08041 Barcelona",933480038,,,Bar,,investigated,Tiene terraza exterior en la acera. Local pequeño de barrio con capacidad para unas 25-30 personas y reseñas muy positivas sobre el trato familiar y desayunos. Oportunidad en TPV y comanderos para agilizar el servicio en terraza; debilidad en nula presencia digital y procesos manuales.
Gallito,España,,"Passeig Marítim de la Barceloneta, 5, 08003 Barcelona",+34933123575,gallito@encompaniadelobos.com,https://encompaniadelobos.com/gallito/,Restaurante,,investigated,Tiene una gran terraza frente al mar con capacidad para ~200 comensales y sentimiento positivo por ambiente pero crítico por lentitud del servicio. Es ideal para vender soluciones de agilidad operativa (pagos y comandas rápidas) ante su alto volumen. Punto débil: pertenece a un grupo gastronómico consolidado que suele centralizar sus decisiones tecnológicas.
Un Posto al Sole,España,,"Carrer de Nicaragua, 113, 08029 Barcelona",934107873,,,Pizzería,,investigated,"Tiene terraza exterior; local acogedor de tamaño mediano (capacidad aprox. 30-40 comensales). Sentimiento muy positivo destacando su cocina italiana auténtica y trato familiar. Oportunidad en herramientas de reserva y fidelización por su alta demanda, aunque su estilo tradicional podría mostrar resistencia al cambio tecnológico."
Can Ramonet,España,,"Carrer de l'Almirall Cervera, 26, 08003 Barcelona",+34932213357,info@canramonet.es,https://www.canramonet.es,Restaurante,,investigated,"Tiene terraza exterior en zona peatonal y gran capacidad distribuida en varios salones históricos. El sentimiento es positivo, destacando su cocina tradicional y solera, aunque con críticas por precios para turistas. Punto fuerte para tecnología: alta rotación y complejidad de salas (ideal para gestión de pedidos); punto débil: perfil de negocio muy tradicional."
Restaurant Hai Tian,España,,"Carrer del Segle XX, 9, 08041 Barcelona",933518302,,,Restaurante Chino,,investigated,"Sin terraza; capacidad media-alta para unos 60-70 comensales. Sentimiento positivo por su relación calidad-precio, aunque con críticas sobre la lentitud del servicio. Punto fuerte: Necesidad de software de comandas para agilizar mesas; punto débil: Gestión familiar de corte tradicional."
Guacho,España,,"Carrer del Segle XX, 2, 08041 Barcelona",934504104,guacho@gmail.com,,Restaurante Argentino,,investigated,"Tiene terraza; local pequeño y acogedor para unos 30 comensales con reseñas muy positivas sobre sus carnes y trato cercano. Ideal para proponer herramientas de gestión de reservas o pedidos por su alta rotación, aunque el presupuesto puede ser ajustado al ser un negocio familiar de barrio."
Restaurante Diagonal Can Sais,España,,"Avinguda Diagonal, 345, 08013 Barcelona",+34 934 577 627,,,Restaurante,,investigated,"Tiene terraza; capacidad media para unos 50-60 comensales. Sentimiento positivo, muy valorado por su menú diario y carnes a la brasa. Punto fuerte venta tech: herramientas para agilizar rotación de mesas y cobros en horas punta; punto débil: gestión de corte tradicional."
Bar Restaurante El Porró,España,,"Carrer de Dante Alighieri, 180, 08032 Barcelona",+34 934291818,,,Restaurante,,investigated,"Tiene terraza exterior. Capacidad aproximada de 40 comensales (local mediano). Sentimiento positivo, destacando su comida casera y menú diario. Punto fuerte para tecnología: agilizar comandas en horas punta del menú; punto débil: perfil de negocio muy tradicional y familiar."
Restaurante Teòric Taverna Gastronòmica,España,,"Carrer de Bailèn, 117, 08013 Barcelona",+34 930 002 552,reserves@teoric.cat,https://teoric.cat,Restaurante,,investigated,Sin terraza; local pequeño con capacidad aproximada para 25-30 comensales. Sentimiento excelente que destaca su cocina de autor y producto local. Punto fuerte para software de reservas por su alta demanda; punto débil para hardware voluminoso por el espacio limitado.
Billy Brunch,España,,"Carrer de Bailèn, 115, 08009 Barcelona",+34 932 50 72 31,info@billybrunch.com,https://www.billybrunch.com/,Cafetería / Brunch,,investigated,"Tiene terraza exterior. Capacidad media (aprox. 45-50 personas). Sentimiento muy positivo (4.5+), con quejas frecuentes por largas colas. Oportunidad tech: Sistemas de gestión de colas y CRM de fidelización para capitalizar su alta rotación y marca consolidada."
Santamasa Pedralbes,España,,"Carrer de Santa Amèlia, 2, 08034 Barcelona",+34 932 04 10 40,info@santamasa.com,https://santamasa.com,Restaurante,,investigated,"Tiene terraza exterior; capacidad media estimada para 70-80 comensales con ambiente moderno. Reseñas mayoritariamente positivas que destacan la calidad del producto, aunque critican lentitud en horas punta. Punto fuerte: gestión profesionalizada de grupo ideal para escalabilidad; punto débil: decisiones posiblemente centralizadas y sistemas ya estandarizados."
Bar Restaurante Centrik,España,,"Carrer de Varsòvia, 50, 08041 Barcelona",934500949,,,Restaurante,,investigated,Tiene terraza exterior y capacidad media-pequeña (aprox. 40 comensales). Sentimiento positivo centrado en la calidad del menú diario y el trato cercano. Punto fuerte para tecnología: optimización de comandas por alto volumen de menús; punto débil: gestión muy tradicional y familiar.
Barraca,España,,"Passeig Marítim de la Barceloneta, 1, 08003 Barcelona",+34932241253,barraca@tribuwoki.com,https://tribuwoki.com/restaurante/barraca-barceloneta/,Restaurante,,investigated,"Tiene terraza frente al mar y gran capacidad repartida en dos plantas. Sentimiento mayoritariamente positivo por sus arroces y vistas, aunque criticado por lentitud y precios de zona turística. Ideal para vender soluciones de agilidad operativa y reservas, aunque pertenece al grupo consolidado Tribu Woki."
Bar Los Amigos,España,,"Carrer de l'Aneto, 12, 08016 Barcelona",934082211,,,Bar,,investigated,"Tiene terraza exterior; local pequeño de barrio con capacidad para unas 25-30 personas. Reseñas muy positivas que destacan el trato familiar, ambiente acogedor y buenas tapas. Oportunidad tecnológica en TPV/comanderas para agilizar el servicio, aunque el perfil es tradicional y poco digitalizado."
Singular,España,,"Carrer de Sardenya, 321, 08013 Barcelona",+34 932 312 633,info@singularrestaurante.com,https://singularrestaurante.com,Restaurante,,investigated,"Tiene terraza exterior y capacidad para unos 50 comensales. Sentimiento muy positivo (4.3/5), destacando calidad y servicio honesto frente a locales turísticos. Oportunidad en sistemas de reserva y agilidad de pedidos por alta afluencia turística, aunque su operativa está consolidada."
La Tagliatella Numancia,España,,"Carrer de Numància, 47, 08029 Barcelona",934103133,info@latagliatella.es,https://www.latagliatella.es,Restaurante Italiano,,investigated,"Tiene terraza exterior; local de gran tamaño con capacidad para más de 120 comensales. Reseñas positivas destacando rapidez y servicio, aunque critican el ruido elevado y la masificación. Punto fuerte: alta rotación ideal para sistemas de pago rápido; punto débil: decisiones de compra centralizadas por ser franquicia."
Bar Tapa Tapa,España,,"Carrer de Dante Alighieri, 140, 08032 Barcelona",+34 934291122,,,Bar de Tapas,,investigated,"Tiene terraza exterior; local pequeño de barrio con capacidad para unas 35-40 personas. Sentimiento positivo, destacan el trato cercano y la calidad de las tapas caseras. Venta tech: Fuerte en fidelización, débil por gestión muy tradicional que requiere soluciones sencillas y de bajo coste."
Pizzería Carlos - Maragall,España,,"Passeig de Maragall, 176, 08041 Barcelona",934088456,info@pizzeriascarlos.es,https://pizzeriascarlos.es,Pizzería,,investigated,"Dispone de terraza y capacidad media (~55 pax); sentimiento positivo por su relación calidad-precio, con críticas puntuales por lentitud en el servicio. Venta tecnológica: Oportunidad en optimización de tiempos y delivery, pero con la dificultad de estar sujetos a sistemas centralizados de franquicia."
Poke House L'Illa,España,,"Av. Diagonal, 557, 08029 Barcelona",936317762,info@pokehouse.es,https://pokehouse.es,Restaurante,,investigated,"Sin terraza exterior (local en centro comercial), capacidad reducida para unos 30 comensales. Sentimiento positivo centrado en rapidez y frescura, con críticas puntuales por precio/cantidad. Ideal para vender soluciones de agilidad en pedidos y fidelización, aunque la compra suele estar centralizada por la cadena."
Bar El Carmel,España,,"Carrer de Tolosa, 21, 08032 Barcelona",+34 934071477,,,Bar,,investigated,Dispone de terraza pequeña; local de barrio con capacidad limitada (aprox. 25 pax). Sentimiento positivo enfocado en el trato familiar y la calidad-precio. Punto fuerte: mejora en agilidad de cobros y comandas; Punto débil: gestión muy tradicional con baja madurez digital.
En Bandeja S.C.C.L.,España,,"Carrer del Guinardó, 28, 08041 Barcelona",934352507,info@enbandeja.com,http://enbandeja.com,Catering/Restaurante,,investigated,No tiene terraza; local de tamaño medio centrado en catering y menús diarios. Reseñas muy positivas que destacan su labor social y comida casera de calidad. Punto fuerte: necesidad de gestión logística para catering; Punto débil: presupuestos ajustados por ser cooperativa de inserción social.
Nonna Dora,España,,"C/ Gran de Sant Andreu, 154, 08030 Barcelona",+34 933 11 58 25,info@nonnadora.es,https://www.nonnadora.es,Restaurante Italiano,,investigated,Tiene terraza en calle peatonal; capacidad pequeña-media (aprox. 30-40 comensales). Sentimiento muy positivo destacando la calidad artesanal y el trato. Punto fuerte: ya usan reservas online y redes; debilidad: espacio físico limitado para hardware voluminoso.
Pure Cuisine,España,,"Av. Diagonal, 3, 08019 Barcelona",+34 933 56 16 71,info@purecuisine.es,https://purecuisine.es,Restaurante,,investigated,"Dispone de terraza en el centro comercial; capacidad media con alta rotación de clientes. Sentimiento general positivo, valorando la rapidez y opción saludable, con quejas puntuales sobre raciones y precio. Punto fuerte para tecnología: optimización de pedidos y fidelización en modelo fast-casual; punto débil: posible gestión centralizada por ser franquicia."
Hancho Barcelona,España,,"Carrer de Roger de Llúria, 42, 08009 Barcelona",+34 933 02 70 00,info@hanchobarcelona.com,https://hanchobarcelona.com/,Restaurante Coreano,,investigated,"Sin terraza significativa (enfoque interior por extractores). Capacidad para unos 70-80 comensales en un local moderno y amplio. Reseñas excelentes (4.7/5), destacando la calidad premium de la carne coreana y el servicio atento. Punto fuerte tecnológico: Alta rotación ideal para software de reservas y fidelización; punto débil: operativa de mesa muy específica por las parrillas integradas."
Bar Restaurante El Glop,España,,"Carrer de Binéfar, 20, 08020 Barcelona",+34 933 14 36 36,elglop@binefar.es,,Bar Restaurante,,investigated,"Tiene terraza exterior. Capacidad media (aprox. 45 personas), ambiente de barrio tradicional. Reseñas mayoritariamente positivas destacando el menú diario y trato cercano. Punto fuerte para tecnología: optimizar rotación y comandas en horas punta; punto débil: posible resistencia cultural al cambio digital."
El Racó de l'Avi Melcior,España,,"Calle Santa Coloma, 2, 08030 Barcelona",+34 933 46 53 05,melcior@racoavimelcior.com,,Restaurante de Banquetes,,investigated,"Tiene terraza exterior; capacidad media-baja (aprox. 40 personas). Sentimiento positivo, destacando el trato familiar y sus desayunos tradicionales. Venta tecnológica: oportunidad por nula presencia digital, pero debilidad por ser un negocio muy tradicional reacio a cambios."
Cantina Mariachi Diagonal Mar,España,,"Av. Diagonal, 3, 08019 Barcelona",+34 933 56 25 75,info@cantinamariachi.es,https://cantinamariachi.es,Restaurante,,investigated,"Tiene terraza (zona exterior del CC Diagonal Mar). Capacidad media-alta típica de franquicia (~100 pax). Sentimiento general negativo/mixto, con quejas recurrentes sobre lentitud en el servicio y calidad mejorable. Venta tecnológica: Punto fuerte para ofrecer sistemas de autogestión de pedidos/pagos que agilicen el servicio y reduzcan la fricción por falta de personal."
Restaurante Sifo,España,,"C. de Còrsega, 211, 08036 Barcelona",+34934143434,info@sifo.es,https://www.sifo.es,Restaurante Argentino,,investigated,"No tiene terraza. Local pequeño y acogedor con capacidad para unos 25-30 comensales. Sentimiento muy positivo, destacando la alta calidad de su cocina creativa y el trato cercano. Punto fuerte: digitalización de reservas por su alta demanda; punto débil: poco espacio físico para hardware voluminoso."
Restaurante El Racó,España,,"Carrer de Piferrer, 90, 08016 Barcelona",933531144,elracopiferrer@outlook.com,,Restaurante,,investigated,Tiene terraza exterior. Capacidad media (aprox. 40-50 comensales). Sentimiento positivo centrado en la calidad del menú casero y trato cercano. Punto fuerte para tecnología: optimización de comandas por alta rotación en comidas; punto débil: digitalización nula y perfil de gestión muy tradicional.
Servicios Restauracion Epec,España,,"Avenida Icaria, 134, 08005 Barcelona",+34932217193,,,Bar / Cafetería,,investigated,"Tiene terraza exterior; capacidad media de unas 40-50 personas. Sentimiento de reseñas neutro o positivo, destacando la rapidez del servicio. Punto débil para vender tecnología: alta probabilidad de gestión centralizada (franquicia Rodilla), dificultando decisiones locales."
Goiko Maragall,España,,"Passeig de Maragall, 148, 08041 Barcelona",930217646,info@goiko.com,https://www.goiko.com,Hamburgesería,,investigated,"Dispone de pequeña terraza y aforo medio (aprox. 70 pax); reseñas positivas en producto pero con quejas por tiempos de espera. Oportunidad tecnológica en optimización de flujos de cocina y delivery dado su alto volumen de pedidos diarios. Punto débil para la venta: al ser una cadena nacional, las decisiones de software suelen estar centralizadas en su matriz."
Toscana Sagrada Familia,España,,"Carrer de Marina, 240, 08013 Barcelona",+34 932 462 855,reservas@toscanasf.com,https://toscanasagradafamilia.com,Restaurante,,investigated,"Tiene terraza exterior; capacidad media-alta (aprox. 70 comensales) con gran afluencia turística. Sentimiento general positivo (4.1★), aunque con críticas recurrentes por lentitud en el servicio y gestión de esperas. Oportunidad: necesitan agilizar comandas y pagos en movilidad; debilidad: alta rotación de personal y enfoque en cliente efímero."
Restaurant 080,España,,"Carrer de Roger de Llúria, 7, 08009 Barcelona",+34 934 58 64 61,info@restaurant080.com,https://restaurant080.com/,Cocina Mediterránea,,investigated,"Dispone de terraza exterior y capacidad media para unos 60 comensales. Sentimiento muy positivo (4.5/5), destacando la calidad del menú diario y el servicio profesional. Digitalización alta (reservas web), idóneo para venderles herramientas de fidelización (CRM) o integración de sistemas de gestión."
Udon L'Illa,España,,"Av. Diagonal, 557, 08029 Barcelona",934107142,info@udon.es,https://www.udon.es,Restaurante Japonés,,investigated,"Sin terraza (interior de CC), capacidad media (~80 comensales). Reseñas positivas en sabor/rapidez, negativas por ruido y esperas. Potencial en autopedido/gestión de colas por su alta rotación, pero con decisión de compra centralizada por ser franquicia."
Ginos Heron City,España,,"Avinguda de Rio de Janeiro, 42, 08016 Barcelona",932761066,atencioncliente@ginos.es,https://www.ginos.es,Restaurante,,investigated,"Dispone de terraza y gran capacidad (aprox. 100 comensales). Sentimiento general positivo destacando rapidez y servicio, aunque con críticas por ruido ambiental. Punto fuerte para tecnología: optimización de alta rotación; debilidad: decisión de compra centralizada a través del Grupo Alsea."
The Green Spot,España,,"Carrer de la Reina Cristina, 12, 08003 Barcelona",+34938025565,greenspot@encompaniadelobos.com,https://encompaniadelobos.com/the-green-spot/,Restaurante,,investigated,"No tiene terraza. Local amplio con capacidad para unos 100-120 comensales. Sentimiento de reseñas muy positivo, destacando su diseño y gastronomía vegetal. Oportunidad tecnológica en CRM/fidelización para perfil premium, con el reto de ser una decisión de compra centralizada por su grupo empresarial."
Casa Amàlia,España,,"Passatge del Mercat, 14, 08009 Barcelona",+34 934 58 94 58,hola@casaamalia.com,https://www.casaamalia.com/,Restaurante de Mercado,,investigated,"Tiene terraza en un pasaje tranquilo y capacidad para unos 90 comensales repartidos en varios niveles y exterior. Las reseñas son excelentes (4.6/5), destacando su cocina de mercado y la calidad del producto. Es ideal para vender sistemas de gestión de múltiples zonas, aunque su perfil tradicional exige tecnología discreta que no rompa la experiencia."
Dry Martini,España,,"C. d'Aribau, 162, 08036 Barcelona",+34932175704,drymartini@drymartini.com,https://www.drymartini.com,Cocktail Bar,,investigated,"No dispone de terraza; tiene una capacidad aproximada de 100 personas incluyendo su restaurante Speakeasy. El sentimiento es excelente, destacando como un referente mundial de elegancia y coctelería clásica. Ideal para vender CRM de lujo o fidelización, pero difícil para tecnología que rompa su estética tradicional y sobria."
Bar Granja l'Empordà,España,,"C/ Gran de Sant Andreu, 235, 08030 Barcelona",+34 933 45 61 22,,,Bar Cafetería,,investigated,"Tiene terraza en calle peatonal y capacidad media (local estrecho más mesas exteriores). Sentimiento muy positivo, destacado como bar de barrio auténtico y de trato cercano. Punto fuerte: software de comandas para gestionar la alta rotación; punto débil: gestión tradicional familiar poco digitalizada."
Restaurante O'Chispa,España,,"Carrer de Varsòvia, 72, 08041 Barcelona",934330105,ochispa@hotmail.com,,Restaurante,,investigated,"Tiene terraza exterior. Capacidad pequeña-media (aprox. 40 pax). Sentimiento muy positivo, destacando la cocina gallega y el trato familiar. Punto fuerte para tecnología: Digitalización de procesos y visibilidad online (carece de web); punto débil: Gestión de corte muy tradicional y local."
L'Aliança del Poblenou,España,,"Rambla del Poblenou, 42, 08005 Barcelona",+34932252814,,,Restaurante / Bar Histórico,,investigated,"Tiene terraza amplia en plena Rambla y alta capacidad (local histórico espacioso). Sentimiento general positivo por su ambiente auténtico, con críticas por servicio lento. Punto fuerte venta: Comanderas móviles para agilizar terraza masiva. Punto débil: Perfil de gestión tradicional."
Bar Restaurante Centrik,España,,"Carrer de Varsòvia, 50, 08041 Barcelona",934500949,,,Restaurante,,investigated,"Tiene terraza exterior y una capacidad media aproximada de 35-40 comensales. El sentimiento de las reseñas es muy positivo, destacando su trato familiar, menú diario y tapas. Su nula presencia digital (sin web) y gestión tradicional lo hacen ideal para ofrecer soluciones de visibilidad online o digitalización de comandas."
Bar Restaurante Horta,España,,"Carrer del Tajo, 40, 08032 Barcelona",+34 934274040,,,Restaurante,,investigated,Tiene terraza exterior. Capacidad media-baja (aprox. 30-40 comensales). Reseñas mayoritariamente positivas que destacan el trato familiar y las tapas. Punto fuerte: ubicación concurrida junto al metro; punto débil: perfil de negocio muy tradicional que puede mostrar resistencia a digitalización compleja.
Bar Versalles,España,,"C/ Gran de Sant Andreu, 255, 08030 Barcelona",+34 933 46 82 25,info@barversalles.com,https://www.barversalles.com,Bar Restaurante Histórico,,investigated,"Tiene terraza en calle peatonal y gran capacidad distribuida en varios niveles. Sentimiento general muy positivo, valorado como local emblemático y concurrido. Punto fuerte: necesidad de agilizar comandas por alto volumen; punto débil: perfil tradicional muy arraigado."
Llaollao Diagonal Mar,España,,"Av. Diagonal, 3, 08019 Barcelona",+34 933 56 00 00,info@llaollao.es,https://www.llaollaoweb.com,Heladería/Bar,,investigated,"No dispone de terraza propia (formato stand en centro comercial). Local muy pequeño con alta rotación de clientes. Sentimiento positivo por producto, pero negativo en tiempos de espera y colas. Punto fuerte tech: ideal para kioscos de autopedido que agilicen el flujo; punto débil: dependencia de la central de franquicia."
Betlem Miscel·lània Gastronòmica,España,,"Carrer de Girona, 70, 08009 Barcelona",+34 931 06 50 82,betlem@betlem.es,https://betlem.es/,Gastrobar,,investigated,"Tiene terraza esquinera; capacidad media con alta rotación de comensales. Sentimiento muy positivo, resaltando la gran calidad gastronómica y de bodega. Ideal para herramientas de agilización de servicio y pagos por su volumen, aunque prima el trato tradicional y cercano."
Bar El Cafenet,España,,"Carrer de l'Escultor Ordóñez, 10, 08016 Barcelona",+34933541100,,,Bar Cafetería,,investigated,Terraza exterior pequeña; local de barrio de capacidad reducida. Reseñas mayoritariamente positivas por trato familiar y tapas. Punto fuerte: oportunidad en digitalización de procesos manuales; débil: presupuesto limitado y perfil muy tradicional.
Restaurante Los Manueles,España,,"Carrer de la Conca de Tremp, 4, 08032 Barcelona",+34 934292854,,,Restaurante,,investigated,"Tiene terraza exterior; local de tamaño pequeño-medio (capacidad aprox. 30-40 pax). Sentimiento general positivo, destacando el trato familiar y la calidad de las tapas. Venta tecnológica: oportunidad en digitalización de procesos (es tradicional), pero con posible resistencia al cambio y presupuesto ajustado."
Bar Restaurante Oasis,España,,"Passeig de Fabra i Puig, 212, 08016 Barcelona",933526618,,,Bar Restaurante,,investigated,"Tiene terraza exterior en el paseo; capacidad media (unas 10 mesas fuera y salón interior). Reseñas mayormente positivas destacando el menú diario y las tapas, con críticas por lentitud puntual. Punto fuerte para tecnología: digitalización de comandas para agilizar la terraza; punto débil: gestión de perfil tradicional."
Bar Restaurante Los Olivos,España,,"Carrer de Santander, 22, 08020 Barcelona",+34 933 14 52 41,losolivos@santander22.es,,Bar Restaurante,,investigated,"Tiene terraza exterior; capacidad media para unos 45 comensales. Sentimiento positivo, destacan la calidad del menú diario y el trato familiar. Oportunidad tech: agilizar comandas y cobros en horas punta; debilidad: perfil de negocio tradicional con posible resistencia al cambio."
Timesburg Poblenou,España,,"C/ de Pujades, 168, 08005 Barcelona",+34933569505,,https://www.timesburg.com,Hamburguesería,,investigated,"Tiene terraza exterior y capacidad media (~70 comensales) con estética industrial. Reseñas muy positivas en calidad de producto, aunque critican esperas en horas punta. Punto fuerte: marca moderna digitalizada receptiva a innovación; punto débil: procesos centralizados por ser parte de una cadena."
Bar Guinardó,España,,"Ronda del Guinardó, 150, 08041 Barcelona",934552485,,,Bar,,investigated,"Tiene terraza exterior. Local pequeño de barrio con capacidad aproximada para 30 personas. Sentimiento de reseñas muy positivo (trato familiar y tapas). Oportunidad en digitalización básica por falta de presencia online, aunque de perfil tradicional y presupuesto ajustado."
Shaka Barcelona,España,,"Carrer de Loreto, 13, 08029 Barcelona",934101010,info@shakabcn.com,https://shakabcn.com,Restaurante,,investigated,Dispone de terraza exterior y capacidad media (aprox. 60 comensales) con un diseño cuidado. Sentimiento muy positivo enfocado en la calidad Nikkei y el ambiente; ideal para vender soluciones de fidelización o gestión de reservas premium por su perfil de cliente de ticket alto.
Bar Tapería L'Origen,España,,"Carrer de Menorca, 5, 08020 Barcelona",+34 934 98 25 11,lorigen@gmail.com,,Tapería,,investigated,"Tiene terraza; local de barrio pequeño-mediano con capacidad aproximada para 30-40 comensales. Reseñas muy positivas (4.4/5) que destacan el trato cercano, ambiente familiar y calidad de las tapas. Punto fuerte: optimización de comandas en terraza; punto débil: negocio tradicional/familiar con posible resistencia al cambio tecnológico."
Bar Nou Pedralbes,España,,"Av. de Pedralbes, 32, 08034 Barcelona",+34 932 03 44 55,,,Bar,,investigated,"Dispone de terraza exterior y tiene una capacidad media-pequeña (aprox. 40 pax). Reseñas mayoritariamente positivas que destacan el trato familiar, la rapidez y la calidad del menú diario. Punto fuerte: ubicación en zona de alto poder adquisitivo; punto débil: gestión muy tradicional que puede mostrar resistencia al cambio tecnológico."
Bar Trobada,España,,"Carrer de Joan Torras, 1, 08030 Barcelona",+34 933 11 02 44,,,Bar,,investigated,"Tiene terraza exterior; es un local de barrio de tamaño pequeño-medio (capacidad aprox. 30-40 comensales). El sentimiento es muy positivo, destacando su trato familiar, rapidez y calidad de tapas y bocadillos. Punto fuerte: optimización de comandas en terraza; Punto débil: gestión tradicional con posible resistencia a soluciones digitales complejas."
Marilyn Restaurant Coctelería,España,,"C/ Gran de Sant Andreu, 248, 08030 Barcelona",+34 609 94 21 79,marilynsantandreu@gmail.com,https://marilyn-restaurant.eatbu.com,Restaurante Coctelería,,investigated,"Tiene terraza en calle peatonal; capacidad media de unos 45 comensales entre interior y exterior. Sentimiento positivo (4/5), destacando cócteles y ambiente. Punto fuerte para tecnología: local moderno con alta rotación; punto débil: ya usa plataforma básica Eatbu, requiere soluciones de valor añadido en fidelización o gestión."
Fogón del Castellano y Leonés,España,,"Passeig de Torras i Bages, 139, 08030 Barcelona",+34 931 01 19 13,info@fogoncastellano.com,,Restaurante Tradicional,,investigated,Tiene terraza exterior. Capacidad media para unos 50 comensales con ambiente tradicional. Sentimiento positivo enfocado en sus brasas y trato familiar. Punto clave: digitalizar comandas en terraza para agilizar el servicio manual y optimizar la rotación de mesas.
Foster's Hollywood L'Illa,España,,"Av. Diagonal, 557, 08029 Barcelona",934440011,info@fostershollywood.es,https://fostershollywood.es,Restaurante Americano,,investigated,"Terraza interior en el centro comercial; local de gran tamaño con capacidad para unos 120 comensales. Sentimiento general aceptable (3,8/5), destacando la rapidez del servicio pero criticando precios y esperas en horas punta. Punto fuerte: optimización de alta rotación y gestión de colas; punto débil: decisiones de compra centralizadas por el grupo Alsea."
Bar Los Amigos,España,,"Carrer del Segre, 50, 08030 Barcelona",+34 933 45 00 11,,,Bar,,investigated,Tiene terraza exterior. Es un local pequeño de barrio con capacidad limitada. Sentimiento de reseñas positivo por su ambiente familiar y precios; punto fuerte para tecnología de fidelización sencilla y punto débil su perfil tradicional resistente a grandes inversiones.
Poke House Diagonal Mar,España,,"Av. Diagonal, 3, 08019 Barcelona",+34 933 56 04 05,info@pokehouse.es,https://pokehouse.com,Restaurante,,investigated,Sin terraza propia (interior de centro comercial). Local pequeño-mediano de alta rotación con sentimiento general positivo en frescura y rapidez. Punto fuerte para tecnología: alta digitalización previa (kioscos); punto débil: decisiones de compra centralizadas por la franquicia.
Restaurante Las Sardinitas,España,,"Passeig de Garcia Fària, 70, 08019 Barcelona",+34 932 21 03 12,info@monchos.com,https://monchos.com,Restaurante,,investigated,"Amplia terraza frente al mar con gran capacidad para grupos y alto volumen; sentimiento mixto en reseñas por servicio lento frente a ubicación excelente. Punto fuerte para tecnología de agilidad en comandas por su alta rotación, pero difícil acceso por pertenecer al consolidado Grupo Moncho's."
Chill Bar Barcelona,España,,"Carrer de Provença, 424, 08013 Barcelona",+34 934 501 544,info@chillbar.es,https://chillbar.es,Bar/Restaurante,,investigated,"Tiene terraza exterior y capacidad media (aprox. 40 personas) con ambiente acogedor cerca de la Sagrada Familia. Reseñas muy positivas que destacan el trato amable y la calidad de las tapas. Ideal para vender tecnología de gestión ágil de pedidos por su alta rotación, aunque pueden ser reacios a sistemas que enfríen el trato directo."
Masia Can Sabadell,España,,"Carrer de Piferrer, 1, 08016 Barcelona",+34933541288,restaurante@cansabadell.es,http://cansabadell.es,Restaurante Tradicional,,investigated,"Tiene terraza amplia. Capacidad alta para eventos y grupos grandes (aprox. 150-200 pax). Sentimiento positivo por su comida tradicional, aunque critican lentitud en el servicio; ideal para vender sistemas de comandas móviles y gestión de reservas que agilicen la rotación."
La Bodegueta del Guinardó,España,,"Carrer de Varsòvia, 84, 08041 Barcelona",934360776,arnau.llach@gmail.com,https://labodeguetadelguinardo.com,Restaurante,,investigated,"Tiene terraza exterior; local de tamaño mediano con ambiente de bodega tradicional (aprox. 40-50 comensales). Reseñas muy positivas que destacan sus ""esmorzars de forquilla"" y el trato familiar y auténtico. Punto fuerte: agilizar comandas ante su alta rotación matinal; punto débil: posible resistencia al cambio por su perfil clásico y artesanal."
Pizzeria Maruzzella,España,,"Avinguda de Rio de Janeiro, 42, 08016 Barcelona",933513300,info@maruzzella.es,https://maruzzella.es,Restaurante,,investigated,"Dispone de terraza exterior y capacidad media (aprox. 50-60 pax). Reseñas muy positivas que destacan la autenticidad de su pizza napolitana y la calidad de la masa. Punto fuerte: ya gestionan pedidos online, pero tienen margen para optimizar la rotación de mesas y fidelización digital."
Ribs L'Illa,España,,"Av. Diagonal, 557, 08029 Barcelona",934440121,info@ribs.es,https://www.ribs.es,Restaurante Americano,,investigated,"Dispone de terraza interior en el centro comercial y amplia capacidad (aprox. 150 pax). El sentimiento es mixto (3.7⭐), con críticas recurrentes por lentitud y fallos en el servicio. Punto fuerte tecnológico: soluciones para agilizar rotación y pedidos; punto débil: compra centralizada por pertenecer a gran cadena."
Restaurante El Tast,España,,"Passeig de Fabra i Puig, 222, 08016 Barcelona",934085544,,,Restaurante,,investigated,"Tiene terraza en el paseo y capacidad media para unos 45 comensales. Reseñas mayoritariamente positivas destacando el trato y la calidad-precio. Oportunidad tecnológica en gestión de comandas por alta afluencia, aunque el perfil es de gestión tradicional."
Igueldo,España,,"C. de Rosselló, 186, 08036 Barcelona",+34934511058,restaurant@igueldo.com,https://www.restauranteigueldo.com,Restaurante Vasco,,investigated,Tiene terraza exterior y capacidad para unos 45-50 comensales. Sentimiento muy positivo basado en la excelencia del producto y cocina vasca tradicional. Fuerte en herramientas de fidelización y reservas premium; débil ante tecnologías que despersonalicen su servicio clásico y sobrio.
Jefferson Beach Club,España,,"Playa de Sant Sebastià s/n (Playa Bogatell), 08005 Barcelona",+34933091291,info@panteagroup.es,,Chiringuito,,investigated,"Chiringuito a pie de playa con amplia terraza y zona de hamacas; capacidad media-alta orientada a gran afluencia. Sentimiento mixto: críticas negativas por servicio lento, precios altos y atención, pero buena valoración de la ubicación. Oportunidad clave para vender sistemas de comandas móviles (PDA) o códigos QR que agilicen el servicio y mejoren la rotación."
Restaurante Los Olmos,España,,"Carrer d'Aragó, 287, 08009 Barcelona",+34 932 15 00 11,,,Cocina casera,,investigated,"Tiene terraza exterior y capacidad media (aprox. 50 pax). Reseñas mayoritariamente positivas, destacando la rapidez del servicio y la calidad del menú diario. Punto fuerte: optimización de comandas y pagos rápidos para gestionar la alta rotación de trabajadores de la zona."
Dalt de Tot,España,,"Carrer de Bailèn, 154, 08037 Barcelona",934578481,,,Bar,,investigated,"Tiene terraza exterior; local de tamaño medio-pequeño (aprox. 35 pax). Sentimiento muy positivo centrado en trato cercano y calidad-precio. Potencial para agilizar comandas y cobros, aunque su perfil tradicional de barrio puede limitar la inversión en soluciones complejas."
Frankfurt El Padrino,España,,"Carrer de l'Ajuntament, 4, 08030 Barcelona",+34 933 11 88 54,,,Frankfurt,,investigated,Tiene terraza exterior; local de tamaño medio con capacidad para unos 40 comensales. Reseñas muy positivas centradas en la rapidez y calidad de los bocadillos clásicos. Punto fuerte para tecnología: necesidad de agilizar comandas por alta rotación; punto débil: perfil de gestión muy tradicional.
Carrot Café,España,,"C/ de Tànger, 22, 08005 Barcelona",+34933093375,carrotcafe@carrotcafe.es,http://www.carrotcafe.es,Sandwichería Gourmet,,investigated,"Terraza: No dispone. Capacidad: Mediana, aproximadamente 45-50 comensales. Sentimiento: Muy positivo, destacando la alta calidad de sus bocadillos gourmet y tartas de queso. Venta Tech: Punto fuerte en la optimización de pedidos para picos de trabajo en zona tecnológica (22@); punto débil en que es un negocio consolidado con sistemas ya implementados."
Vivari Manuel de Falla,España,,"Carrer de Manuel de Falla, 15, 08034 Barcelona",+34 934 14 52 63,,,Cafetería,,investigated,"Tiene terraza exterior y capacidad para unos 25 comensales. El sentimiento es mayormente positivo, aunque critican la lentitud del servicio en horas punta. Punto fuerte: necesidad de agilizar comandas y cobros por alto flujo; punto débil: su naturaleza de franquicia limita la autonomía tecnológica."
Burger King Heron City,España,,"Avinguda de Rio de Janeiro, 42, 08016 Barcelona",932765100,atencioncliente@burgerking.es,https://www.burgerking.es,Restaurante,,investigated,"Tiene terraza amplia; local de gran tamaño con capacidad aproximada de 150 personas. Sentimiento general negativo por lentitud en el servicio y falta de limpieza. Oportunidad en herramientas de eficiencia operativa, aunque el principal freno es la centralización tecnológica de la franquicia."
Cafetería La Torre,España,,"Carrer de la Maladeta, 18, 08016 Barcelona",933547766,latorre@cafes.es,,Cafetería,,investigated,"Tiene terraza exterior; local pequeño de barrio con capacidad aproximada para 30 personas. Reseñas muy positivas que destacan el trato familiar, la limpieza y sus desayunos. Punto débil: gestión muy tradicional sin presencia digital; punto fuerte: oportunidad de digitalización básica (TPV o comanderas) para optimizar el servicio en terraza."
Bar El Racó de la Paqui,España,,"Carrer de Llull, 350, 08019 Barcelona",+34 933 07 43 12,,,Bar,,investigated,"Tiene terraza exterior. Local de barrio pequeño-mediano con capacidad aproximada para 30-40 comensales. Sentimiento positivo: destacan el trato familiar, la cocina casera y los precios económicos. Fuerte: digitalización del menú diario para clientes locales; Débil: gestión tradicional con posible resistencia a sistemas complejos."
Restaurante Bon Pastor,España,,"Calle de Caracas, 2, 08030 Barcelona",+34 933 11 09 54,,,Restaurante,,investigated,"Tiene terraza. Tamaño mediano con alta rotación. Reseñas mayormente positivas, con quejas recurrentes por lentitud en el servicio. Punto fuerte para tecnología: software de gestión de comandas para agilizar el servicio y cobros en horas punta de menú diario."
Restaurante Pizzería Da Marco,España,,"Carrer de Sant Iscle, 22, 08016 Barcelona",+34933540011,damarco@gmail.com,,Pizzería,,investigated,"Tiene terraza exterior pequeña. Local de barrio con capacidad para unas 30 personas y sentimiento muy positivo (comida auténtica y trato cercano). Punto fuerte: carece de web propia, ideal para ofrecer sistemas de reservas o pedidos directos y reducir dependencia de plataformas."
Off Street,España,,"Carrer de Teodor Llorente, 29, 08041 Barcelona",933475878,offstreetbcn@gmail.com,https://offstreetbcn.com,Restaurante,,investigated,"Sí tiene terraza exterior. Capacidad media-pequeña (aprox. 30-40 personas). Sentimiento muy positivo (4.7/5), destacando calidad en brunch, café de especialidad y trato. Punto fuerte: Perfil moderno ideal para digitalización de pagos/fidelización. Punto débil: Espacio limitado para hardware voluminoso."
Gaudí Bakery,España,,"Carrer de Sardenya, 298, 08013 Barcelona",+34 935 413 543,gaudibakery@gmail.com,https://gaudibakery.com,Restaurante/Cafetería,,investigated,"Dispone de terraza exterior; capacidad media-baja (aprox. 30 pax) con alta rotación turística. Reseñas muy positivas destacando la repostería y ubicación. Punto fuerte tecnológico: alta demanda de turistas internacionales que requiere TPVs ágiles, pagos rápidos y cartas digitales multi-idioma."
Mamma Pizza,España,,"Carrer de Sardenya, 255, 08013 Barcelona",+34 936 816 572,info@mammapizzabcn.com,https://mammapizzabcn.com,Restaurante,,investigated,"Sin terraza y capacidad reducida (aprox. 15 pax), muy enfocado a takeaway y delivery. Sentimiento muy positivo, destacando la calidad artesanal y precio. Punto fuerte: optimización de pedidos online y fidelización; punto débil: estructura familiar y poco espacio físico para hardware complejo."
Sal Mar,España,,"Passeig Marítim de la Barceloneta, s/n, 08003 Barcelona",+34932240707,info@salmar.es,https://salmar.es,Restaurante,,investigated,"Tiene terraza amplia a pie de playa con gran capacidad (+150 pax). Reseñas positivas por ubicación y vistas, pero negativas en rapidez del servicio y precio. Oportunidad en tecnología de agilización de comandas por alto volumen; barrera en toma de decisiones centralizada por pertenecer al Grup Olivé."
Frankfurt de Sant Andreu,España,,"C/ Gran de Sant Andreu, 191, 08030 Barcelona",+34 933 45 45 66,,,Bar Frankfurt,,investigated,"Tiene terraza en calle peatonal; local pequeño y estrecho con capacidad limitada. Sentimiento muy positivo basado en su tradición, rapidez y buena relación calidad-precio. Punto fuerte para tecnología: agilizar la alta rotación; punto débil: gestión de perfil muy tradicional y familiar."
Five Guys Diagonal Mar,España,,"Av. Diagonal, 3, 08019 Barcelona",+34 935 45 10 35,,https://www.fiveguys.es,Restaurante,,investigated,"Tiene terraza; capacidad aproximada de 80-100 comensales. El sentimiento general es positivo por la calidad de la comida, aunque hay críticas frecuentes por precios altos y ruido. Oportunidad tecnológica en optimización de pedidos por alto volumen, pero con la barrera de decisiones de compra centralizadas por la matriz."
Marilyn Restaurant Coctelería,España,,"C/ Gran de Sant Andreu, 248, 08030 Barcelona",+34 609 94 21 79,marilynsantandreu@gmail.com,https://marilyn-restaurant.eatbu.com,Restaurante Coctelería,,investigated,"Tiene terraza exterior en calle peatonal y capacidad para unos 40-45 comensales. El sentimiento es muy positivo, destacando la calidad de la cocina y el trato cercano. Punto fuerte: ideal para herramientas de fidelización y gestión de reservas; punto débil: su tamaño reducido podría limitar la inversión en soluciones tecnológicas costosas."
Tapas Gaudí,España,,"Avinguda de Gaudí, 44, 08013 Barcelona",+34 934 564 892,info@tapasgaudi.com,https://tapasgaudi.com,Restaurante,,investigated,"Tiene terraza amplia en avenida peatonal y capacidad aproximada para 60 comensales. El sentimiento es mixto: elogian la ubicación y vistas, pero critican la lentitud del servicio y precios elevados. Punto fuerte para tecnología: herramientas de agilización de comandas y pagos; punto débil: baja prioridad en fidelización por ser zona de paso turístico."
Cafetería Maragall,España,,"Passeig de Maragall, 350, 08032 Barcelona",+34 934293535,,,Cafetería,,investigated,"Tiene terraza pequeña en la acera y un local de tamaño reducido (capacidad aprox. 20-30 personas). El sentimiento es positivo, valorado como un bar de barrio tradicional, familiar y sin pretensiones. Punto débil: perfil muy clásico con baja digitalización; punto fuerte: potencial para optimizar la gestión de comandas en terraza."
Marimorena Barcelona,España,,"Carrer de Loreto, 24, 08029 Barcelona",934109405,info@marimorenabcn.com,https://marimorenabcn.com,Restaurante,,investigated,"Tiene terraza exterior pequeña; capacidad aproximada de 50 comensales entre sala y calle. Sentimiento muy positivo, resaltando la calidad del producto de proximidad y la cocina de autor. Punto fuerte para tecnología: gestión de inventario y escandallos; punto débil: ya cuentan con digitalización avanzada (reservas y web optimizada)."
Bar Frankfurt Horta,España,,"Carrer del Tajo, 15, 08032 Barcelona",+34 934271515,,,Frankfurt,,investigated,"Tiene terraza exterior en plaza; local pequeño de alta rotación (capacidad aprox. 40 pax). Sentimiento muy positivo (4.4/5), clientes valoran la rapidez, calidad de los bocadillos y ubicación. Venta tech: Imprescindible comanderos para agilizar la terraza, aunque el perfil tradicional requiere soluciones muy sencillas."
Cafetería HD,España,,"Carrer de Loreto, 7, 08029 Barcelona",934191310,,,Cafetería,,investigated,"Tiene terraza exterior; es un local de barrio de tamaño pequeño-mediano con capacidad moderada. El sentimiento de las reseñas es muy positivo, destacando su ambiente familiar y trato rápido. Punto fuerte: potencial para digitalizar procesos tradicionales; punto débil: perfil conservador que puede resistirse a inversiones tecnológicas complejas."
Restaurante Chiku-Sui,España,,"Carrer de Loreto, 21, 08029 Barcelona",934103405,,,Restaurante Japonés,,investigated,"No tiene terraza. Local pequeño y tradicional con capacidad para unos 30 comensales. Sentimiento muy positivo basado en autenticidad y calidad-precio. Punto fuerte para venta: carece de web y sistema de reservas online, lo que ofrece una oportunidad clara en digitalización básica."
Sete,España,,"Carrer de Bailèn, 154, 08037 Barcelona",934578481,info@restaurantesete.com,https://www.restaurantesete.com,Restaurante,,investigated,Tiene terraza pequeña; local de tamaño reducido y ambiente íntimo (aprox. 30-40 pax). Reseñas excelentes enfocadas en la calidad de producto y su cuidada bodega. Punto fuerte: herramientas de gestión de stock y vinos; punto débil: posible rechazo a la automatización invasiva por su enfoque artesanal.
Burger King Diagonal Mar,España,,"Av. Diagonal, 3, 08019 Barcelona",+34 933 56 28 22,,https://www.burgerking.es,Restaurante,,investigated,Sin terraza exterior (ubicado en food court); local amplio de gran capacidad y alta rotación. Reseñas mixtas (media 3.5/5): críticas por lentitud en horas punta y falta de limpieza ocasional. Venta tecnológica: ideal para soluciones de agilización de pedidos (Kioskos/App); debilidad: entorno saturado difícil de intervenir.
Bruc33 Tapas,España,,"Carrer del Bruc, 33, 08009 Barcelona",+34 931 64 36 01,info@bruc33.com,https://bruc33.com/,Bar de Tapas,,investigated,"Tiene terraza exterior; local de tamaño medio con capacidad para unos 40-50 comensales. El sentimiento de las reseñas es muy positivo, destacando la calidad de las tapas y el buen servicio. Punto fuerte: alta rotación turística ideal para sistemas de pago rápido; débil: espacio físico limitado para hardware voluminoso."
Bar Plaza,España,,"Carrer de Binéfar, 10, 08020 Barcelona",+34 933 14 77 44,,,Bar,,investigated,"Tiene terraza exterior pequeña; local de barrio de dimensiones reducidas y gestión familiar. Reseñas mayoritariamente positivas centradas en el trato cercano y tapeo. Gestión muy tradicional: buena oportunidad para TPV básico, pero reacio a soluciones tecnológicas complejas o costosas."
Bar Florida,España,,"Carrer de Sant Adrià, 150, 08030 Barcelona",+34 933 46 72 31,,,Bar de Copas,,investigated,Tiene terraza exterior pequeña. Local de barrio de dimensiones reducidas (aprox. 20-30 pax) con reseñas muy positivas por su trato familiar y tapas. Punto fuerte: optimizar gestión de cobros y comandas en horas punta; punto débil: perfil muy tradicional con probable resistencia a la inversión tecnológica.
Catacroquet,España,,"C/ de los Almogàvers, 211, 08005 Barcelona",+34932809059,info@catacroquet.com,https://catacroquet.com,Restaurante,,investigated,"Dispone de amplia terraza exterior y capacidad media-grande ideal para grupos. El sentimiento de las reseñas es muy positivo, destacando la calidad del producto y el ambiente. Su alta rotación favorece la venta de soluciones de agilidad operativa, aunque ya muestran una digitalización avanzada."
Restaurante Un Capítol Xines,España,,"Carrer de Consell de Cent, 403, 08013 Barcelona",+34 932 466 220,,,Restaurante,,investigated,"Terraza exterior pequeña; local de dos niveles con capacidad para unas 50-60 personas. Sentimiento muy positivo basado en autenticidad y precio, con críticas puntuales por tiempos de espera. Punto fuerte: digitalización de comandas para agilizar su alta rotación; debilidad: perfil de gestión tradicional."
Restaurante Vegetariano Arco Iris,España,,"Carrer de Roger de Flor, 216, 08013 Barcelona",+34 934 582 283,info@restaurante-arcoiris.com,https://www.restaurante-arcoiris.com,Restaurante,,investigated,"No tiene terraza; local de tamaño medio para unos 40 comensales. Reseñas muy positivas, valorado como un clásico familiar de comida casera y saludable. Punto fuerte para tecnología: optimizar la alta rotación del menú diario; punto débil: gestión muy tradicional y arraigada."
Bar Los Pajaritos,España,,"Carrer de la Conca de Tremp, 14, 08032 Barcelona",+34 934291414,,,Bar,,investigated,"Tiene terraza exterior pequeña; local de barrio con capacidad aproximada para 30-40 personas. Sentimiento muy positivo, destacando el trato familiar, la rapidez y la calidad de sus tapas caseras. Punto fuerte: alta fidelización de clientes locales; punto débil: gestión muy tradicional y nula presencia digital."
Monster Sushi,España,,"C. de Muntaner, 155, 08036 Barcelona",+34934885078,muntaner@monstersushi.es,https://www.monstersushi.es,Restaurante Japonés,,investigated,"Dispone de terraza en acera; capacidad media (aprox. 60 pax) con alta rotación y ambiente concurrido. Reseñas muy positivas que destacan la calidad premium del producto y el diseño del local. Ideal para tecnología de optimización operativa por su alto volumen, aunque probablemente ya cuenten con sistemas avanzados de gestión."
7 Portes,España,,"Passeig d'Isabel II, 14, 08003 Barcelona",+34933193033,comercial@7portes.com,https://7portes.com,Restaurante,,investigated,"Tiene terraza bajo los soportales; es un local de gran envergadura con múltiples salones y capacidad superior a 300 comensales. El sentimiento es muy positivo como referente histórico de arroces, aunque con críticas ocasionales por ser demasiado turístico. Oportunidad tecnológica en gestión de altos volúmenes y reservas complejas; debilidad en la posible resistencia al cambio por su perfil tradicional."
El rincón del Bierzo,España,,"Rambla de Prim, 120, 08020 Barcelona",+34 933 13 15 15,rinconbierzo@prim.com,,Bar Restaurante,,investigated,"Tiene terraza exterior en la rambla. Capacidad media para unos 45 comensales sumando interior y mesas fuera. Reseñas positivas destacando raciones y trato familiar. Oportunidad en gestión digital de comandas en terraza, pero con posible resistencia por ser un negocio de perfil muy tradicional."
Bar Stop,España,,"Carrer del Treball, 160, 08020 Barcelona",+34 933 13 58 44,,,Bar,,investigated,"Tiene terraza pequeña. Local de barrio con capacidad reducida (aprox. 25 pax) y reseñas muy positivas sobre sus tapas y trato familiar. Punto fuerte: alta fidelidad de clientes locales; punto débil: gestión tradicional que requiere soluciones tecnológicas sencillas, económicas y de uso muy intuitivo."
Bar El Encuentro,España,,"Carrer de Llobregós, 50, 08032 Barcelona",+34 934295050,,,Bar,,investigated,"Tiene terraza exterior; local de barrio pequeño (aprox. 25 pax). Reseñas positivas destacando el trato familiar y precios ajustados. Perfil muy tradicional con baja digitalización, lo que dificulta soluciones complejas pero abre hueco para TPVs modernos o gestión de pedidos."
Bodega Lluís,España,,"Carrer del Segre, 32, 08030 Barcelona",+34 933 11 44 23,bodegalluis@santandreu.com,,Bodega,,investigated,"Tiene terraza exterior pequeña; local tradicional de barrio con capacidad para unas 30 personas. Sentimiento muy positivo basado en su autenticidad, vermut y tapas. Punto débil: perfil muy tradicional (""old-school""); punto fuerte: nula presencia digital y potencial para optimizar la gestión de comandas."
La Paradeta Barceloneta,España,,"Carrer Comercial, 7, 08003 Barcelona",+34932681939,info@laparadeta.com,https://www.laparadeta.com,Restaurante,,investigated,"No dispone de terraza; es un local de gran capacidad (+100 pax) con alta rotación de clientes. Sentimiento positivo por la calidad-precio, pero crítico con las largas colas y el ruido ambiental. Punto fuerte para tecnología: sistemas de gestión de colas y autopedido para agilizar su proceso manual."
Bar Restaurante Loreto,España,,"Carrer de Loreto, 26, 08029 Barcelona",934102928,,,Bar Restaurante,,investigated,"Tiene terraza exterior. Capacidad media (aprox. 40 pax) con ambiente tradicional y reseñas muy positivas sobre su menú casero y trato. Oportunidad tecnológica: negocio clásico sin presencia digital (sin web), ideal para ofrecer herramientas de gestión sencillas que modernicen su operativa familiar."
Bar El Chispazo,España,,"Carrer de Sant Adrià, 114, 08030 Barcelona",+34 933 45 90 23,,,Bar,,investigated,"Tiene terraza exterior; es un local pequeño de barrio con capacidad limitada. Reseñas mayoritariamente positivas que destacan su ambiente familiar y tapas económicas. Su punto débil para vender tecnología es el perfil muy tradicional y poco digitalizado, requiriendo soluciones sencillas de bajo coste."
Pizzeria Ciao,España,,"Carrer de Bailèn, 142, 08037 Barcelona",934570618,,,Pizzería,,investigated,Tiene terraza pequeña (4 mesas) y aforo interior reducido para unos 25 comensales. Reseñas excelentes (4.7) que destacan la autenticidad italiana y el trato cercano. Oportunidad: carecen de web propia y pedidos directos; debilidad: perfil de negocio tradicional muy manual.
El Vaso de Oro,España,,"Carrer de Balboa, 6, 08003 Barcelona",+34933193098,,https://vasodeoro.com,Bar,,investigated,"No tiene terraza; es un local estrecho y alargado con barra icónica para unas 40 personas máximo. Sentimiento excelente, valorado como lugar de culto por su cerveza artesana y tapeo de calidad. Venta tecnológica: ideal para agilizar comandas por su alta rotación, pero difícil por su estilo muy tradicional y falta de espacio para hardware."
Frankfurt Nou Barris,España,,"Passeig de Fabra i Puig, 334, 08016 Barcelona",933512233,,,Bar,,investigated,"Tiene terraza exterior; es un local tradicional de tamaño pequeño-medio (aprox. 30 pax). El sentimiento es muy positivo, destacando la rapidez y calidad-precio. Punto fuerte para tecnología: agilizar cobros por alta rotación; punto débil: perfil de gestión muy tradicional y familiar."
Bar Restaurante Los Arcos,España,,"Carrer de l'Escultor Ordóñez, 35, 08016 Barcelona",933522211,,,Bar Restaurante,,investigated,Tiene terraza exterior. Capacidad media (aprox. 35 pax) con ambiente de barrio tradicional. Reseñas mayormente positivas que destacan el menú diario y trato familiar. Oportunidad: implantación de comanderos digitales; debilidad: gestión muy analógica y falta de presencia web.
La Tagliatella Som Multiespai,España,,"Av. de Rio de Janeiro, 42, 08016 Barcelona",+34933544400,info@latagliatella.es,https://www.latagliatella.es,Restaurante Italiano,,investigated,"Dispone de terraza y gran capacidad (más de 150 comensales). Sentimiento positivo por ambiente y raciones, pero con quejas por lentitud en picos de trabajo. Punto débil: procesos tecnológicos centralizados por franquicia; punto fuerte: alta necesidad de herramientas de agilidad operativa y gestión de colas."
Restaurante El Portón,España,,"Carrer de Piferrer, 45, 08016 Barcelona",933541100,reservas@elporton.es,http://www.elporton.es,Restaurante,,investigated,Tiene terraza exterior y capacidad media (aprox. 50 pax). Reseñas positivas que destacan el trato familiar y el menú diario. Oportunidad en digitalizar comandas para agilizar el servicio; barrera en su estilo de gestión muy tradicional.
Pizzería Da Marco,España,,"Carrer de Loreto, 12, 08029 Barcelona",933221087,,,Pizzería,,investigated,Tiene terraza exterior. Capacidad media para unos 40-50 comensales. Reseñas muy positivas destacando la autenticidad italiana y el trato. Punto fuerte para vender tecnología: carecen de web y reservas online; punto débil: gestión familiar tradicional.
Boro Bar,España,,"Carrer del Consell de Cent, 373, 08009 Barcelona",+34 935 32 28 69,info@borobar.es,https://borobar.es/,Gastrobar,,investigated,Tiene terraza en calle peatonal; capacidad media para unos 50-60 comensales. Reseñas muy positivas centradas en comida creativa y buen servicio. Venta tecnológica: ideal para sistemas de pedidos ágiles en terraza y gestión avanzada de reservas por su alta ocupación.
Sartenes y Ollas,España,,"Carrer de la Diputació, 410, 08037 Barcelona",931771255,,,Restaurante,,investigated,Tiene terraza pequeña; aforo interior reducido (aprox. 35 pax). Reseñas positivas destacando comida casera y trato familiar. Punto débil: gestión tradicional poco digitalizada; punto fuerte: alta rotación de menús diarios ideal para agilizar cobros y pedidos.
Koh Barcelona,España,,"C/ de Quintana, 19, 08005 Barcelona",+34932504981,info@kohbarcelona.com,https://kohbarcelona.com,Restaurante Asiático,,investigated,"Dispone de terraza pequeña; capacidad aproximada de 40 comensales con un local de dimensiones reducidas. Sentimiento muy positivo, destacando la calidad del ramen, los baos y un servicio atento. Fortaleza: alta rotación y demanda de reservas requieren agilidad digital; Debilidad: espacio físico muy limitado para hardware voluminoso."
Taco Bell Diagonal Mar,España,,"Av. Diagonal, 3, 08019 Barcelona",+34 933 56 21 00,atencionalcliente@tacobell.es,https://tacobell.es,Restaurante,,investigated,"No tiene terraza propia (ubicado en centro comercial con zona común); capacidad media de alta rotación. Sentimiento mixto: críticas frecuentes por lentitud en el servicio y errores en pedidos, valorando positivamente el precio. Oportunidad tecnológica: sistemas de optimización operativa y gestión de colas para solucionar su principal debilidad en tiempos de espera."
Local 225,España,,"C/ del Doctor Trueta, 225, 08005 Barcelona",+34930107722,,,Bar,,investigated,"Tiene terraza exterior; capacidad para unas 40 personas (local pequeño-mediano de barrio). Sentimiento muy positivo basado en el trato familiar y la calidad de su comida casera. Ideal para vender agilidad en comandas y pagos por su volumen de menús diarios, aunque su perfil tradicional es una barrera para tecnología compleja."
El Xampanyet,España,,"Carrer de Montcada, 22, 08003 Barcelona",+34933197465,,,Bar,,investigated,"No tiene terraza. Local pequeño, icónico y muy concurrido con alta rotación de clientes. Sentimiento muy positivo por su autenticidad y calidad, aunque critican las aglomeraciones y esperas. Fuerte para soluciones de pagos rápidos o gestión de colas; débil por su carácter extremadamente tradicional y poco espacio físico."
Restaurante El Racó de la Verneda,España,,"Carrer de Menorca, 17, 08020 Barcelona",+34 933 13 41 85,info@racodelaverneda.com,http://www.racodelaverneda.com,Restaurante,,investigated,"Dispone de terraza exterior; capacidad media (aprox. 50-60 comensales) en un local tradicional de barrio muy concurrido. Sentimiento muy positivo, destacando la excelente relación calidad-precio del menú diario y el trato familiar. Punto fuerte: alta rotación en horas punta ideal para comandas digitales; Punto débil: digitalización básica y web obsoleta."
The Terrace - Hotel Barcelona Princess,España,,"Av. Diagonal, 1, 08019 Barcelona",+34 933 56 10 00,reservas.barcelona@princess-hotels.com,https://www.hotelbarcelonaprincess.com,Restaurante/Bar,,investigated,"Tiene dos amplias terrazas (plantas 3 y 23) con gran capacidad para eventos. Sentimiento muy positivo por las vistas y el ambiente, aunque critican lentitud ocasional en el servicio. Oportunidad tecnológica: agilidad de pedidos en exteriores; debilidad: burocracia en la toma de decisiones por ser cadena."
Bar Avenida,España,,"Carrer del Doctor Pi i Molist, 12, 08016 Barcelona",933534455,,,Bar,,investigated,"Tiene terraza exterior; local de barrio pequeño-mediano (capacidad aprox. 30-40 personas). Sentimiento general positivo, valorado por su carácter tradicional y trato cercano. Oportunidad tecnológica: ideal para comanderas móviles o digitalización de pagos debido a su gestión mayoritariamente analógica."
El Racó del Clínic,España,,"C. de Villarroel, 173, 08036 Barcelona",+34934511082,info@elracodelclinic.com,https://www.elracodelclinic.com,Cocina de mercado,,investigated,"Tiene una pequeña terraza exterior y capacidad para unos 50 comensales incluyendo un reservado. El sentimiento es excelente, destacando su gastronomía creativa y de alta calidad. Punto fuerte para tecnología de reservas y CRM de clientes VIP; el punto débil es un enfoque tradicional donde la tecnología no debe deshumanizar el servicio."
Restaurante O'Chispa,España,,"Carrer de Varsòvia, 72, 08041 Barcelona",934330105,ochispa@hotmail.com,,Restaurante,,investigated,"Tiene terraza exterior y capacidad para unos 45-50 comensales. El sentimiento de las reseñas es muy positivo, destacando su cocina gallega y buen servicio. Punto fuerte para tecnología: carecen de web y reserva online; punto débil: gestión tradicional que podría resistirse a digitalización compleja."
Poke House L'Illa,España,,"Av. Diagonal, 557, 08029 Barcelona",936317762,info@pokehouse.es,https://pokehouse.es,Restaurante,,investigated,"Sin terraza (interior de centro comercial). Local pequeño de alta rotación (~20-30 personas). Reseñas positivas en frescura y rapidez, negativas en precio. Punto fuerte: optimización de pedidos digitales; punto débil: decisiones de software centralizadas por ser franquicia internacional."
Chez Cocó,España,,"Av. Diagonal, 465, 08036 Barcelona",+34934157457,info@chezcoco.es,https://www.chezcoco.es,Rôtisserie / Grill,,investigated,Posee una amplia terraza ajardinada y gran capacidad (aprox. 150 pax) con reseñas muy positivas sobre su decoración y carnes asadas. Punto fuerte para tecnología: Necesidad de gestión ágil de comandas en múltiples zonas y terraza; Punto débil: Perfil de lujo que prioriza el servicio tradicional sobre la automatización.
Bar Los Maños,España,,"Carrer del Bruc, 72, 08009 Barcelona",+34 934 87 33 21,,,Bar de barrio,,investigated,"Tiene una terraza pequeña a pie de calle y capacidad reducida (aprox. 30-40 personas). El sentimiento es muy positivo, destacando su carácter tradicional, trato familiar y buena relación calidad-precio. Punto débil: gestión muy clásica y analógica; punto fuerte: ubicación estratégica concurrida ideal para digitalizar pagos o pedidos."
El 58,España,,"Rambla del Poblenou, 58, 08005 Barcelona",+34936013914,,,Bar de Tapas,,investigated,"Tiene terraza en la Rambla y patio interior; capacidad media-alta con gran rotación. Sentimiento muy positivo, destacando sus tapas creativas y calidad-precio. Oportunidad tecnológica en gestión de colas y agilidad de pedidos debido a su alta afluencia y esperas recurrentes."
Maya Copán Bar y Restaurante,España,,"Carrer de Dante Alighieri, 52, 08032 Barcelona",+34 931868352,,,Restaurante,,investigated,Tiene pequeña terraza exterior y capacidad para unos 35-40 comensales. Reseñas muy positivas por la autenticidad y generosidad de su comida hondureña. Ventaja comercial: carece de presencia digital y web propia; debilidad: perfil de negocio familiar de barrio con presupuesto posiblemente ajustado.
L'Arrosseria de Villarroel,España,,"C. de Villarroel, 170, 08036 Barcelona",+34934515555,info@larrosseria.com,https://www.larrosseria.com,Arrocería,,investigated,"Tiene terraza exterior y capacidad media para unos 60-70 comensales. Sentimiento general muy positivo, destacando la calidad de sus arroces y el servicio eficiente. Punto fuerte para tecnología: gestión de reservas y rotación de mesas; punto débil: perfil tradicional que requiere soluciones integradoras y poco intrusivas."
Bambú Beach Bar,España,,"Av. del Litoral s/n (Platja de Llevant), 08005 Barcelona",+34933091291,info@panteagroup.es,https://panteagroup.es/bambu,Chiringuito / Restaurante,,investigated,"Posee una amplia terraza a pie de playa con gran capacidad para eventos y alta rotación. El sentimiento es mixto: elogian la ubicación y ambiente, pero critican la lentitud del servicio y precios elevados. Punto fuerte para tecnología: herramientas de movilidad (comanderos) y QR para agilizar la operativa en picos de demanda estacionales."
Amaltea,España,,"Carrer de Girona, 80, 08009 Barcelona",+34 934 58 35 55,info@restauranteamaltea.es,,Restaurante Vegetariano,,investigated,"Sin terraza significativa (solo mesas puntuales en acera). Capacidad media para unos 50 comensales en un local acogedor de dos niveles. Sentimiento muy positivo, destacando su menú saludable y relación calidad-precio. Punto fuerte para tecnología: optimización de reservas y digitalización del menú diario ante la falta de web propia."
Sant Andreu Jabugo,España,,"Plaza Palmeres, 5, 08030 Barcelona",+34 653 57 45 11,jabugosantandreu@gmail.com,,Bar de Tapas,,investigated,Tiene terraza amplia en la plaza; local interior pequeño con gran capacidad exterior (aprox. 40-50 personas). Sentimiento positivo centrado en tapas tradicionales y trato cercano. Punto fuerte: Necesidad de comanderas móviles para agilizar el servicio en la terraza debido a la distancia con la barra.
Tapas 24,España,,"Carrer de la Diputació, 269, 08009 Barcelona",+34 934 88 09 77,info@carlesabellan.com,https://www.carlesabellan.com/,Bar de Tapas,,investigated,"Tiene terraza; capacidad media (~60 pax) con local interior estrecho y bullicioso. Sentimiento muy positivo por calidad gastronómica, pero crítico por largas colas y precios. Punto fuerte: soluciones de gestión de esperas y agilidad de cobro; punto débil: marca de autor muy consolidada."
Reial Club de Tenis Barcelona 1899,España,,"Carrer de Bosch i Gimpera, 5, 08034 Barcelona",+34 932 03 78 52,rctb1899@rctb1899.es,https://www.rctb1899.es,Club Restaurante,,investigated,"Tiene amplias terrazas con vistas; gran capacidad en restaurante y zonas de eventos para socios. El sentimiento es excelente, destacando exclusividad y calidad de servicio. Punto fuerte: alto presupuesto y necesidad de digitalización para socios; punto débil: estructura de club tradicional y toma de decisiones lenta."
Risto Pizza Pecora Nera,España,,"Carrer de Teodor Llorente, 23, 08041 Barcelona",933519133,info@pecoranerabcn.com,https://pecoranerabcn.com,Restaurante Italiano,,investigated,"Tiene terraza pequeña; capacidad media de unos 35 comensales con ambiente acogedor. Sentimiento muy positivo (4.6★), destacando la autenticidad y calidad de sus pizzas. Punto fuerte: ya usan reservas online y delivery; punto débil: local pequeño con margen de inversión tecnológica limitado."
El Menjador de la Beckett,España,,"C/ de Pere IV, 228, 08005 Barcelona",+34664695008,,,Restaurante / Cafetería,,investigated,Tiene terraza; capacidad aproximada de 80-100 personas en un local amplio y diáfano. Reseñas muy positivas que destacan su estética y el menú diario. Oportunidad tech en agilizar pedidos durante picos pre-teatro; posible barrera por gestión vinculada a una fundación cultural.
Bar Restaurante Gallego,España,,"Carrer de Sant Iscle, 18, 08016 Barcelona",933511122,,,Bar Restaurante,,investigated,"Tiene terraza exterior. Capacidad pequeña-media, típica de bar de barrio (aprox. 25-35 comensales). Sentimiento muy positivo: destacan la calidad de la comida casera gallega, raciones generosas y trato cercano. Gestión muy tradicional y analógica; oportunidad de venta en digitalización de comandas y pagos para agilizar el servicio en horas punta."
Restaurante Chinese City,España,,"Carrer de Cantàbria, 15, 08020 Barcelona",+34 933 13 22 11,chinese.city@08020.es,,Restaurante Chino,,investigated,"Tiene terraza exterior; local de barrio con capacidad media (aprox. 40-50 comensales). Sentimiento general aceptable por su rapidez y relación calidad-precio, con críticas al servicio. Oportunidad tech: nula presencia digital (sin web ni reservas online); debilidad: gestión familiar muy tradicional."
Restaurante El Puma,España,,"Carrer de Varsòvia, 48, 08041 Barcelona",934354226,restauranteelpuma@gmail.com,,Restaurante,,investigated,"Dispone de terraza; es un local de barrio de tamaño pequeño-medio (aprox. 35 pax) con reseñas muy positivas sobre su comida casera y trato. El sentimiento es de alta fidelidad, ideal para vender herramientas de gestión de reservas o digitalización básica dado su perfil tradicional y falta de web."
Frankfurt Guinardó,España,,"Avinguda de la Mare de Déu de Montserrat, 47, 08041 Barcelona",934366298,,,Bar Frankfurt,,investigated,"Dispone de terraza exterior; local de tamaño pequeño-mediano con distribución clásica de barra larga y mesas altas. Reseñas muy positivas con gran fidelidad de clientes que valoran la rapidez, calidad del producto y trato familiar. Punto fuerte: alta rotación que requiere agilidad en cobros y pedidos; punto débil: perfil tradicional que podría mostrar resistencia a digitalización compleja."
Casa Carmen Diagonal Mar,España,,"Av. Diagonal, 3, 08019 Barcelona",+34 933 56 29 18,diagonalmar@casacarmen.es,https://casacarmen.es,Restaurante,,investigated,Dispone de terraza exterior. Capacidad alta (aprox. 150 comensales) con gran rotación de mesas. Sentimiento positivo por relación calidad-precio y diseño; negativo por lentitud y falta de personal en horas punta. Oportunidad tecnológica en sistemas de gestión de colas y comanderas digitales para optimizar la eficiencia del servicio.
Restaurante El Racó,España,,"Carrer d'Entença, 218, 08029 Barcelona",934107141,,,Restaurante,,investigated,"Tiene terraza exterior pequeña; capacidad aproximada de 35-40 comensales (local mediano). Sentimiento positivo, destacando la calidad del menú diario casero y el trato familiar. Venta tecnológica: Oportunidad en agilizar comandas/pagos por alto volumen de mediodía; debilidad por gestión muy tradicional y nula presencia digital."
Restaurante Candela,España,,"Carrer de Sicilia, 250, 08013 Barcelona",+34 934 589 832,,,Restaurante,,investigated,"Tiene terraza exterior; capacidad media para unos 40-50 comensales. Sentimiento positivo general, destacando su comida casera y trato familiar. Punto fuerte: ubicación con gran afluencia; punto débil: baja digitalización (sin web) y gestión de estilo tradicional."
El Tap Barcelona,España,,"Carrer de Constança, 8, 08029 Barcelona",934195155,info@eltap.cat,http://eltap.cat,Bar de Tapas,,investigated,"Tiene terraza exterior; local de tamaño medio especializado en 12 tiradores de cerveza artesana. Sentimiento muy positivo (4.6/5), valorando su oferta gastronómica y ambiente cercano. Ideal para software de gestión de inventario y menús digitales por su alta rotación de barriles; posible reticencia por ser un negocio de gestión tradicional."
InterTapa,España,,"Avinguda de Gaudí, 14, 08013 Barcelona",+34 934 507 013,intertapa@intertapa.com,https://intertapa.com,Restaurante/Bar,,investigated,"Tiene terraza amplia en avenida peatonal; capacidad media-alta (aprox. 80-100 pax). Sentimiento mixto-positivo: valoran ubicación y vistas, pero critican lentitud y precios turísticos. Punto clave para venta tecnológica: optimización de comandas (PDA) para agilizar el servicio en terraza y herramientas de gestión de reputación online."
Restaurante Londres 90,España,,"C. de Londres, 90, 08036 Barcelona",+34934145678,,,Menú del día,,investigated,Tiene terraza exterior; capacidad mediana-pequeña (aprox. 40 pax). Sentimiento positivo centrado en la calidad del menú diario y el trato cercano. Punto fuerte: agilizar rotación en horas punta; Punto débil: perfil tradicional con baja digitalización previa.
Restaurante La Mamma,España,,"C/ Gran de Sant Andreu, 212, 08030 Barcelona",+34 933 45 09 88,lamamma@restaurante.es,,Restaurante Italiano,,investigated,"Tiene terraza exterior; capacidad media (aprox. 40 comensales) en un local tradicional de barrio. Reseñas mayoritariamente positivas resaltando calidad-precio y ambiente familiar, con quejas por lentitud en horas punta. Punto fuerte: no tienen web ni digitalización visible, ideal para ofrecer sistemas de reservas, pedidos online y gestión de flujo de clientes."
McDonald's Diagonal Mar,España,,"Av. Diagonal, 3, 08019 Barcelona",+34 933 56 15 15,,https://www.mcdonalds.es,Restaurante,,investigated,"Dispone de terraza exterior y gran capacidad (más de 150 comensales). Sentimiento mixto: valoran la ubicación, pero critican la lentitud y falta de limpieza en horas punta. Punto fuerte: necesidad de optimizar flujos por alto tráfico; Débil: decisiones tecnológicas centralizadas por la matriz."
Purobeach Barcelona,España,,"Passeig del Taulat, 262, 08019 Barcelona",+34 935 07 00 92,info.barcelona@purobeach.com,https://www.purobeach.com,Beach Club/Restaurante,,investigated,"Sí, tiene una amplia terraza exterior con piscina y zona lounge. Capacidad aproximada para más de 200 personas entre hamacas y restaurante. Sentimiento mixto: elogian las vistas y el ambiente, pero critican frecuentemente la lentitud del servicio y los precios elevados. Punto fuerte para tecnología: alta necesidad de sistemas de gestión de pedidos móviles y optimización de cobros para solucionar las quejas por demoras en un espacio tan extenso."
100 Montaditos Heron City,España,,"Avinguda de Rio de Janeiro, 42, 08016 Barcelona",932765038,info@100montaditos.com,https://100montaditos.com,Bar,,investigated,"Cuenta con terraza amplia y capacidad media-alta (~100 pax). Sentimiento mixto: valoran el precio pero critican las colas y falta de personal en horas punta. Punto fuerte para tecnología de autopedido o gestión de turnos, aunque limitado por ser franquicia y operar con márgenes bajos."
Bodega Joan,España,,"C. de Rosselló, 164, 08036 Barcelona",+34934531028,info@bodegajoan.com,https://www.bodegajoan.com,Bodega / Brasería,,investigated,"Sí tiene terraza; local de gran capacidad con salones amplios para grupos. El sentimiento es muy positivo, destacando la calidad de su comida tradicional y carnes. Punto fuerte para tecnología: su alto volumen de rotación y clientela requiere sistemas eficientes de reservas y gestión de pedidos."
Taverna de Sarrià,España,,"Carrer de Santa Amèlia, 15, 08034 Barcelona",+34 932 03 56 51,,,Bar,,investigated,"Tiene terraza exterior. Capacidad media-baja, ambiente tradicional y acogedor. Sentimiento positivo por calidad de comida, aunque critican esperas puntuales. Fuerte: Digitalización de comandas para agilizar servicio. Débil: Perfil de gestión tradicional y poco digitalizado."
La Selva,España,,"Carrer de Girona, 7, 08009 Barcelona",+34 933 28 55 90,info@laselvabcn.com,https://laselvabcn.com/,Steakhouse,,investigated,"Tiene terraza. Capacidad media-alta (~100 pax) con espacios temáticos. Sentimiento muy positivo por su estética y carnes. Venta tech: oportunidad en optimización de operaciones por alto volumen, aunque ya poseen sistemas avanzados de reservas."
Udon L'Illa,España,,"Av. Diagonal, 557, 08029 Barcelona",934107142,info@udon.es,https://www.udon.es,Restaurante Japonés,,investigated,"Ubicado en centro comercial sin terraza exterior y capacidad media (aprox. 60 pax). Reseñas mayormente positivas en rapidez y calidad, con críticas por ruido y esperas en horas punta. Fuerte: alta rotación ideal para sistemas de autopedido; Débil: decisiones tecnológicas supeditadas a la central de la franquicia."
The Knife,España,,"Av. Diagonal, 3, 08019 Barcelona",+34 933 56 28 00,info@theknife.es,https://theknife.es,Restaurante,,investigated,"Tiene terraza amplia y gran capacidad (más de 250 comensales). Sentimiento mixto-positivo: se valora la calidad-precio de la carne, pero critican las colas y el ruido. Punto fuerte para vender tecnología: optimización de reservas y gestión de flujos por alto volumen; punto débil: el modelo buffet reduce la necesidad de comandas complejas en mesa."
Bar Trobada,España,,"Carrer de Joan Torras, 1, 08030 Barcelona",+34 933 11 02 44,,,Bar,,investigated,Tiene terraza exterior pequeña. Local de barrio con capacidad reducida (aprox. 25 personas). Sentimiento positivo; destacan sus desayunos de cuchara y el trato familiar. Punto fuerte para tecnología: agilizar pedidos en horas punta; Punto débil: gestión muy tradicional con posible resistencia al cambio digital.
Blue Taco Diagonal Mar,España,,"Av. Diagonal, 3, 08019 Barcelona",+34 931 31 16 00,,,Restaurante,,investigated,Tiene terraza exterior en el centro comercial; capacidad media (aprox. 40 personas) con alta rotación. Reseñas mixtas que destacan el sabor pero critican la lentitud en horas punta. Punto fuerte para tecnología: quioscos de autopago y gestión de colas; punto débil: rigidez por ser modelo de franquicia.
Bar Cervecería El Pibe,España,,"Passeig de Fabra i Puig, 280, 08016 Barcelona",+34933580455,info@elpibe.com,https://elpibe.com,Frankfurt / Bar,,investigated,"Tiene terraza amplia en zona peatonal y capacidad media-alta con alta rotación. El sentimiento es positivo, valorando la rapidez y tradición, aunque critican esperas en horas punta. Punto fuerte: optimización de pedidos en mesa/terraza y sistemas de fidelización para su alta recurrencia."
Restaurante Sanghai,España,,"Passeig de Fabra i Puig, 49, 08030 Barcelona",+34 933 45 81 88,,,Restaurante Chino,,investigated,Tiene terraza exterior y capacidad media (aprox. 40 personas). Sentimiento positivo por su buena relación calidad-precio y rapidez. Punto fuerte para tecnología: optimizar el alto volumen de pedidos para llevar; punto débil: gestión muy tradicional y analógica.
Frankfurt Fabra i Puig,España,,"Passeig de Fabra i Puig, 200, 08016 Barcelona",+34933408822,info@frankfurtfabra.com,,Frankfurt,,investigated,"Tiene terraza exterior en el paseo; capacidad media (interior estrecho con barra y mesas fuera). Sentimiento muy positivo por su rapidez y calidad de producto clásico. Oportunidad en agilizar pagos y comandas en terraza, aunque su perfil es tradicional y poco digitalizado."
Bar Bodega Lluís,España,,"Carrer de Selva de Mar, 191, 08020 Barcelona",+34 933 13 25 10,,,Bar / Bodega,,investigated,"Tiene terraza exterior; local de barrio pequeño-medio con aforo limitado. Sentimiento muy positivo, destacando el trato cercano y la relación calidad-precio. Punto débil: Negocio muy tradicional con posible resistencia a la tecnología si no es sencilla y directa."
La Tagliatella Numancia,España,,"Carrer de Numància, 47, 08029 Barcelona",934103133,info@latagliatella.es,https://www.latagliatella.es,Restaurante Italiano,,investigated,Tiene terraza. Gran capacidad (aprox. 150 pax) con sentimiento positivo pero críticas por tiempos de espera. Punto fuerte: alta rotación que requiere agilidad operativa y gestión eficiente de comandas. Punto débil: decisión de compra supeditada a la central de la franquicia (Grupo AmRest).
Bar Restaurante Loreto,España,,"Carrer de Loreto, 26, 08029 Barcelona",934102928,,,Bar Restaurante,,investigated,"Tiene terraza exterior. Capacidad media (aprox. 40 pax), restaurante de barrio tradicional. Sentimiento positivo: destacan calidad-precio del menú del día. Punto fuerte: necesidad de agilizar rotación de mesas; punto débil: perfil conservador con baja presencia digital actual."
Bar La Parada,España,,"Carrer de Dante Alighieri, 10, 08032 Barcelona",+34 934291010,,,Bar,,investigated,"Tiene terraza exterior; local pequeño con aforo reducido (aprox. 25 pax). Reseñas positivas destacando el trato familiar y tapeo tradicional. Oportunidad en digitalización básica (TPV/pagos), pero barrera alta por presupuesto limitado y gestión muy tradicional."
La Tertúlia,España,,"Carrer de Morales, 15, 08029 Barcelona",934195155,,,Bar de Tapas,,investigated,"Tiene terraza exterior. Local de tamaño pequeño-mediano con ambiente familiar y tradicional. Sentimiento muy positivo, destacando sus desayunos ""de forquilla"" y el trato cercano. Punto fuerte: optimización de comandas en horas punta; débil: perfil clásico que puede resistirse a tecnología compleja."
Bar Granja l'Empordà,España,,"C/ Gran de Sant Andreu, 235, 08030 Barcelona",+34 933 45 61 22,,,Bar Cafetería,,investigated,Tiene terraza en calle peatonal y capacidad media con ambiente tradicional. Reseñas positivas que destacan el trato familiar y la calidad de sus bocadillos. Punto fuerte para digitalización de pedidos por su flujo constante; punto débil el perfil de gestión muy clásico.
Bar Restaurante Nou Barris,España,,"Carrer de l'Escultor Ordóñez, 90, 08016 Barcelona",+34933409955,,,Bar Restaurante,,investigated,"Tiene terraza exterior. Capacidad media (aprox. 45 personas entre salón y terraza). Sentimiento positivo, destacado por sus tapas, menús económicos y trato familiar. Punto fuerte: clientela local fiel; Debilidad: negocio muy tradicional sin presencia digital, requiere soluciones de gestión muy sencillas."
Paco Meralgo,España,,"C. de Muntaner, 171, 08036 Barcelona",+34934309027,restaurant@pacomeralgo.com,https://www.restaurantpacomeralgo.com,Taberna / Tapas,,investigated,Tiene terraza (mesas altas). Capacidad aproximada de 80-90 comensales con alta rotación y sentimiento excelente centrado en la calidad del producto. Oportunidad: Herramientas de gestión de esperas y rotación ágil; punto débil: modelo de taberna tradicional con procesos internos muy consolidados.
Bar París,España,,"C. de París, 150, 08036 Barcelona",+34934302345,,,Bar / Cafetería,,investigated,"Dispone de terraza; local pequeño-mediano para unas 35 personas. Reseñas mayoritariamente positivas, resaltando el trato familiar y la autenticidad del barrio. Punto fuerte para vender tecnología: agilizar comandas; punto débil: perfil tradicional que prioriza la sencillez sobre sistemas complejos."
Bodega Monumental,España,,"Carrer de la Marina, 183, 08013 Barcelona",+34 932 320 001,monumentalsagrada@bodegamonumental.com,https://www.bodegamonumental.com,Restaurante/Bar,,investigated,"Tiene terraza exterior y capacidad media-alta (unos 80 comensales). Reseñas mayoritariamente positivas que destacan su vermut y tapeo tradicional, aunque critican lentitud en horas punta. Ideal para vender comanderos móviles por el volumen de terraza, aunque su perfil ""clásico"" puede presentar resistencia inicial a la digitalización."
Bonasport Restaurant,España,,"Carrer de Vista Bella, 11, 08034 Barcelona",+34 932 54 15 00,recepcion@bonasport.com,https://www.bonasport.com,Restaurante,,investigated,"Tiene terraza con vistas panorámicas y capacidad para unos 100 comensales. El sentimiento es positivo por su exclusividad y entorno, aunque critican ocasionalmente la lentitud. Punto fuerte: potencial para CRM y reservas de lujo; punto débil: gestión tecnológica posiblemente ligada a la del club deportivo."
Bar El Cordobés,España,,"Carrer de Concili de Trento, 140, 08020 Barcelona",+34 933 14 88 99,,,Bar,,investigated,Tiene terraza y capacidad media (aprox. 35 personas). Reseñas muy positivas centradas en la comida casera y el trato familiar. Punto fuerte: agilizar pedidos en terraza; punto débil: perfil de negocio muy tradicional con posible resistencia al cambio digital.
Restaurante Somorrostro,España,,"Carrer de Sant Carles, 11, 08003 Barcelona",+34932250010,restaurante@somorrostro.com,http://www.restaurantesomorrostro.com,Restaurante,,investigated,"Terraza mínima (apenas 2-3 mesas exteriores); local pequeño e íntimo con capacidad para unos 35-40 comensales. Reseñas excelentes que destacan su compromiso con la sostenibilidad, el producto de proximidad y la calidad gastronómica. Punto fuerte: optimización de gestión de stock y mermas; punto débil: filosofía ""slow food"" muy artesanal reacia a tecnología que deshumanice el servicio."
Bar Sol,España,,"Carrer de la Selva, 12, 08016 Barcelona",933531122,,,Bar,,investigated,Tiene terraza exterior pequeña. Local de barrio con capacidad reducida (aprox. 20-25 personas) y sentimiento general muy positivo por su trato familiar. Punto fuerte tech: agilizar comandas en terraza; punto débil: baja madurez digital y presupuesto limitado por perfil tradicional.
Bar Restaurante El Rincón de la Brasa,España,,"Carrer de Malgrat, 102, 08016 Barcelona",933492211,,,Restaurante,,investigated,"Tiene terraza exterior. Capacidad media (aprox. 40-50 comensales), local de barrio tradicional. Reseñas muy positivas destacando la calidad de las brasas y el trato familiar. Punto fuerte: potencial para agilizar comandas por su alta rotación; punto débil: digitalización nula (sin web)."
Restaurante Can Ramon,España,,"Carrer del Telègraf, 50, 08041 Barcelona",934500812,,,Restaurante,,investigated,"Tiene terraza exterior. Local de barrio tradicional con capacidad media. Reseñas muy positivas que destacan sus desayunos de tenedor y trato familiar. Oportunidad en digitalización de comandas para agilizar horas punta, aunque pueden ser reticentes por su gestión muy clásica."
L'Arrosseria de l'Equador,España,,"Carrer de l'Equador, 39, 08029 Barcelona",934103102,info@arrosseriadelequador.com,https://arrosseriadelequador.com,Arrocería,,new,
Fish! L'Illa,España,,"Av. Diagonal, 557, 08029 Barcelona",933631776,,,Restaurante,,new,
Els Pescadors,España,,"Plaça de Prim, 1, 08005 Barcelona",+34932252018,info@elspescadors.com,https://elspescadors.com,Restaurante,,new,
El Racó de l'Avi Melcior,España,,"Calle Santa Coloma, 2, 08030 Barcelona",+34 933 46 53 05,melcior@racoavimelcior.com,,Restaurante de Banquetes,,new,
Foster's Hollywood Diagonal Mar,España,,"Av. Diagonal, 3, 08019 Barcelona",+34 933 56 22 75,atencioncliente@fostershollywood.es,https://fostershollywood.es,Restaurante,,new,
Frankfurt Sant Martí,España,,"Rambla de Guipúscoa, 100, 08020 Barcelona",+34 933 14 55 22,frankfurt@santmarti.com,,Frankfurt / Bar,,new,
Restaurante El Celler d'Escòcia,España,,"Carrer d'Escòcia, 60, 08016 Barcelona",934084411,celler@restaurante.es,,Restaurante,,new,
Pizzería L'Horta,España,,"Carrer de Cartellà, 161, 08016 Barcelona",934084666,,,Pizzería,,new,
Opium Barcelona,España,,"Passeig Marítim de la Barceloneta, 34, 08003 Barcelona",+34932259100,info@opiumbarcelona.com,https://opiumbarcelona.com,Restaurante,,new,
Bardeni - El Meatbar,España,,"Carrer de València, 454, 08013 Barcelona",+34 932 314 519,info@bardeni.es,https://www.bardeni.es,Restaurante,,new,
Bierwinkel Diagonal Mar,España,,"Av. Diagonal, 3, 08019 Barcelona",+34 933 56 18 56,info@bierwinkel.es,https://bierwinkel.es,Bar/Cervecería,,new,
Bar Restaurante El Mirador,España,,"Carrer de la Gran Vista, 81, 08032 Barcelona",+34 934290054,,,Restaurante,,new,
Restaurante Mediterrani,España,,"C. de Villarroel, 209, 08036 Barcelona",+34934301548,,,Restaurante Mediterráneo,,new,
Pans & Company L'Illa,España,,"Av. Diagonal, 557, 08029 Barcelona",934105051,info@pansandcompany.com,https://www.pansandcompany.com,Restaurante,,new,
Pans & Company Diagonal Mar,España,,"Av. Diagonal, 3, 08019 Barcelona",+34 933 56 03 33,atencioncliente@eatout.es,https://www.pansandcompany.com,Restaurante,,new,
Gresca,España,,"C. de Provença, 230, 08036 Barcelona",+34934516193,gresca@gresca.net,https://www.gresca.net,Bistró Gastronómico,,new,
Nusados S.L.,España,,"Calle Ciutat d'Asuncion, 24, 08030 Barcelona",+34 933 11 21 52,,,Restaurante,,new,
Restaurante El Laurel,España,,"Carrer de Varsòvia, 54, 08041 Barcelona",934360341,info@restauranteellaurel.es,https://restauranteellaurel.es,Restaurante,,new,
McDonald's Diagonal Mar,España,,"Av. Diagonal, 3, 08019 Barcelona",+34 933 56 15 15,,https://www.mcdonalds.es,Restaurante,,new,
KFC Som Multiespai,España,,"Av. de Rio de Janeiro, 42, 08016 Barcelona",+34932765370,info@kfc.es,https://www.kfc.es,Comida Rápida,,new,
Can Fisher,España,,"Av. del Litoral, 64, 08005 Barcelona",+34935971840,hola@canfisher.com,https://www.canfisher.com,Restaurante Mediterráneo,,new,
Restaurante Chino Gran Muralla,España,,"Carrer de Sant Iscle, 18, 08016 Barcelona",+34933548911,,,Restaurante Chino,,new,
La Brasa de Oro,España,,"Carrer de Varsòvia, 57, 08041 Barcelona",934331205,,,Brasería,,new,
El Forn de Roger,España,,"Carrer de Roger de Llúria, 46, 08009 Barcelona",+34 934 58 11 22,info@elforn.cat,,Bar / Brasería,,new,
The Terrace - Hotel Barcelona Princess,España,,"Av. Diagonal, 1, 08019 Barcelona",+34 933 56 10 00,reservas.barcelona@princess-hotels.com,https://www.hotelbarcelonaprincess.com,Restaurante/Bar,,new,
Restaurante Chiku-Sui,España,,"Carrer de Loreto, 21, 08029 Barcelona",934103405,,,Restaurante Japonés,,new,
Fish! L'Illa,España,,"Av. Diagonal, 557, 08029 Barcelona",933631776,,,Restaurante,,new,
Restaurante Los Manueles,España,,"Carrer de Sant Iscle, 1, 08016 Barcelona",933519800,,,Restaurante,,new,
Rèmol Restaurant,España,,"C/ de Bilbao, 30, 08005 Barcelona",+34933409398,,https://remolrestaurant.com,Restaurante,,new,
Bar Restaurante El Abuelo,España,,"Carrer de Binefar, 32, 08020 Barcelona",+34 933 13 88 77,elabuelo@vernedamail.com,,Bar Restaurante,,new,
Bar El Sidral,España,,"Carrer de los Castillejos, 423, 08041 Barcelona",934502570,info@elsidral.com,https://elsidral.com,Bar Bodega,,new,
Bar del Clínic,España,,"C. de Villarroel, 170, 08036 Barcelona",+34934543456,,,Bar / Tapas,,new,
Restaurante El Coto,España,,"Carrer de la Vall d'Ordesa, 5, 08016 Barcelona",+34933541122,,,Restaurante Mediterráneo,,new,
Saona Eixample,España,,"Carrer de València, 287, 08009 Barcelona",+34 932 20 61 00,info@gruposaona.com,https://www.gruposaona.com/,Restaurante Mediterráneo,,new,
Bar Restaurant El Claustre,España,,"Carrer del Monestir, 9, 08034 Barcelona",+34 932 03 91 43,,,Bar Restaurante,,new,
Bar Sant Jordi,España,,"C/ Gran de Sant Andreu, 321, 08030 Barcelona",+34 933 11 67 02,,,Bar,,new,
Pizzería Carlos,España,,"Passeig de Fabra i Puig, 258, 08016 Barcelona",933400030,atencionalcliente@pizzeriacarlos.es,https://www.pizzeriacarlos.es,Pizzería,,new,
Bar Restaurante Cervantes,España,,"Passeig de Fabra i Puig, 198, 08016 Barcelona",934081122,,,Bar Restaurante,,new,
La Bodegueta de Sant Andreu,España,,"Rambla de Fabra i Puig, 30, 08030 Barcelona",+34 656 37 68 42,info@labodeguetadesantandreu.cat,https://www.labodeguetadesantandreu.cat,Bodega Restaurante,,new,
Surf House Barcelona,España,,"Carrer de l'Almirall Aixada, 22, 08003 Barcelona",+34932217065,hello@surfhousebarcelona.com,https://www.surfhousebarcelona.com,Restaurante,,new,
Bar Guinardó,España,,"Ronda del Guinardó, 150, 08041 Barcelona",934552485,,,Bar,,new,
Can Kenji,España,,"Carrer del Rosselló, 325, 08037 Barcelona",934761823,info@cankenji.com,https://www.cankenji.com,Restaurante Japonés,,new,
Upper Diagonal Restaurant,España,,"Passeig de Manuel Girona, 7, 08034 Barcelona",+34 932 04 65 48,hotel@hotel-upperdiagonal.com,https://www.hotel-upperdiagonal.com,Restaurante,,new,
Bar Sanllehy,España,,"Carrer de la Riera d'Horta, 35, 08030 Barcelona",+34 933 46 12 77,,,Bar Restaurante,,new,
Farggi Diagonal Mar,España,,"Av. Diagonal, 3, 08019 Barcelona",+34 933 56 23 20,atencionalcliente@farggi.com,https://farggi.com,Cafetería,,new,
Restaurante Los Bellota,España,,"Carrer de la Marina, 298, 08013 Barcelona",+34 934 551 251,contacto@losbellota.com,http://losbellota.com,Restaurante,,new,
Bar Continental,España,,"C/ Gran de Sant Andreu, 301, 08030 Barcelona",+34 933 11 34 22,,,Bar,,new,
Gastrobar 190,España,,"C. de Villarroel, 190, 08036 Barcelona",+34934306677,,,Bar de Tapas,,new,
Little Fern,España,,"C/ de Pere IV, 168, 08005 Barcelona",+34931427573,hello@littlefernbcn.com,https://littlefernbcn.com,Cafetería Brunch,,new,
Bacoa Diagonal Mar,España,,"Av. Diagonal, 3, 08019 Barcelona",+34 933 56 02 46,info@bacoaburger.com,https://www.bacoaburger.com,Restaurante,,new,
Guacho,España,,"Carrer del Segle XX, 2, 08041 Barcelona",934504104,guacho@gmail.com,,Restaurante Argentino,,new,
Restaurante L'Escandall,España,,"Passeig de Garcia Fària, 71, 08019 Barcelona",+34 931 19 01 25,lescandall@lescandall.com,https://lescandall.com,Restaurante,,new,
Bar Restaurante Almedina,España,,"Carrer de la Torre Vélez, 2, 08041 Barcelona",934369062,taperiaalmedina@gmail.com,,Bar de Tapas,,new,
Starbucks Diagonal Mar,España,,"Av. Diagonal, 3, 08019 Barcelona",+34 933 56 02 00,,https://www.starbucks.es,Cafetería,,new,
La Esquinica,España,,"Passeig de Fabra i Puig, 296, 08016 Barcelona",+34933582519,info@laesquinica.com,https://laesquinica.com,Restaurante de Tapas,,new,
Restaurante l'Encant,España,,"Carrer de Lepant, 271, 08013 Barcelona",+34 932 458 877,,,Restaurante,,new,
Passadís del Pep,España,,"Pla de Palau, 2, 08003 Barcelona",+34933101021,info@passadis.com,https://www.passadis.com,Restaurante,,new,
Disfrutar,España,,"C. de Villarroel, 163, 08036 Barcelona",+34933486896,info@disfrutarbarcelona.com,https://www.disfrutarbarcelona.com,Restaurante Gastronómico,,new,
Taco Bell Diagonal Mar,España,,"Av. Diagonal, 3, 08019 Barcelona",+34 933 56 21 00,atencionalcliente@tacobell.es,https://tacobell.es,Restaurante,,new,
Pizzeria L'Antica,España,,"Carrer de Sant Adrià, 36, 08030 Barcelona",+34 933 11 40 45,info@lanticapizzeria.es,,Pizzería,,new,
Bar Restaurante El Racó,España,,"Carrer de la Jota, 85, 08016 Barcelona",933510203,,,Bar Restaurante,,new,
Shoko Barcelona,España,,"Passeig Marítim de la Barceloneta, 36, 08005 Barcelona",+34932259200,info@shoko.biz,https://shoko.biz,Restaurante / Club,,new,
Pizzería Carlos,España,,"Carrer de Nicaragua, 115, 08029 Barcelona",934196161,clientes@pizzeriacarlos.es,https://www.pizzeriacarlos.es,Pizzería,,new,
Pizzeria Da Bruno,España,,"Carrer de Cartellà, 153, 08016 Barcelona",933529900,,,Pizzería,,new,
Vips L'Illa,España,,"Av. Diagonal, 557, 08029 Barcelona",934440012,vips@vips.es,https://www.vips.es,Restaurante,,new,
Canela Restaurant,España,,"Passeig de Garcia Fària, 37, 08019 Barcelona",+34 935 31 60 40,ateneamar.res@occidentalhotels.com,,Restaurante,,new,
Off Street,España,,"Carrer de Teodor Llorente, 29, 08041 Barcelona",933475878,offstreetbcn@gmail.com,https://offstreetbcn.com,Restaurante,,new,
Restaurant La Cepa,España,,"Carrer de Petrarca, 30, 08016 Barcelona",934080011,,,Restaurante,,new,
El Cafe de l'Eixample,España,,"Carrer de Roger de Llúria, 11, 08009 Barcelona",+34 934 87 11 11,,,Café / Restaurante,,new,
Bar La Esquina,España,,"Carrer del Treball, 120, 08020 Barcelona",+34 933 05 99 88,,,Bar,,new,
GreenVita Diagonal Mar,España,,"Av. Diagonal, 3, 08019 Barcelona",+34 934 93 11 00,diagonalmar@greenvita.com,https://greenvita.com,Restaurante,,new,
Aiueno,España,,"Carrer del Rosselló, 328, 08037 Barcelona",932503426,info@aiueno.com,https://www.aiueno.com,Restaurante Japonés,,new,
Kiku Japones,España,,"Carrer de Santa Amèlia, 16, 08034 Barcelona",+34 932 80 61 45,kikujapones@kikujapones.com,http://kikujapones.com,Restaurante Japonés,,new,
Chicha Limoná,España,,"Passeig de Sant Joan, 80, 08009 Barcelona",+34 932 50 84 84,info@chichalimona.com,https://chichalimona.com/,Bar / Restaurante,,new,
Restaurant Club Natació Atlètic-Barceloneta,España,,"Plaça del Mar, s/n, 08003 Barcelona",+34932213050,info@cnab.cat,https://www.cnab.cat,Restaurante,,new,
Bar Marítim,España,,"Passeig de Garcia Fària, 75, 08019 Barcelona",+34 933 56 06 43,,,Bar,,new,
Bar Las Vegas,España,,"Carrer de la Jota, 22, 08016 Barcelona",933497788,,,Bar,,new,
Kaiku,España,,"Plaça del Mar, 1, 08003 Barcelona",+34932219082,info@restaurantkaiku.cat,https://www.restaurantkaiku.cat,Restaurante,,new,
Cal Pep,España,,"Plaça de les Olles, 8, 08003 Barcelona",+34933107961,calpep@calpep.com,https://www.calpep.com,Restaurante,,new,
Semproniana,España,,"C. de Rosselló, 148, 08036 Barcelona",+34934531820,semproniana@semproniana.net,https://www.semproniana.net,Restaurante de autor,,new,
Nusados S.L.,España,,"Calle Ciutat d'Asuncion, 24, 08030 Barcelona",+34 933 11 21 52,,,Restaurante,,new,
Starbucks L'Illa,España,,"Av. Diagonal, 557, 08029 Barcelona",934101011,info@starbucks.es,https://www.starbucks.es,Cafetería,,new,
AÜRT Restaurant,España,,"Passeig del Taulat, 262, 08019 Barcelona",+34 935 07 01 02,info@aurtrestaurant.com,https://www.aurtrestaurant.com,Restaurante,,new,
Els Pinatells,España,,"Carrer de la Diputació, 353, 08009 Barcelona",+34 934 87 23 83,elspinatells@gmail.com,,Restaurante de cocina catalana,,new,
Restaurant El Jardí de l'Abad,España,,"Carrer de la Gran Vista, 100, 08032 Barcelona",+34 934291001,,,Restaurante,,new,
Maritxu,España,,"C. de Muntaner, 152, 08036 Barcelona",+34934305634,info@restaurantesmaritxu.com,https://www.restaurantesmaritxu.com,Restaurante Vasco,,new,
Bar Continental,España,,"C/ Gran de Sant Andreu, 301, 08030 Barcelona",+34 933 11 34 22,,,Bar,,new,
Santamasa Diagonal Mar,España,,"Av. Diagonal, 3, 08019 Barcelona",+34 933 56 04 22,hola@santamasa.com,https://santamasa.com,Restaurante,,new,
Mesón El Reloj,España,,"Carrer de Numància, 68, 08029 Barcelona",934104273,,,Restaurante,,new,
Teòric Taverna Gastronòmica,España,,"Carrer de Bailèn, 117, 08037 Barcelona",930002552,teoric@teoric.cat,https://www.teoric.cat,Restaurante,,new,
Ginos Som Multiespai,España,,"Av. de Rio de Janeiro, 42, 08016 Barcelona",+34932765390,info@ginos.es,https://www.ginos.es,Restaurante Italiano,,new,
El Puma,España,,"Carrer de Roger de Llúria, 42, 08009 Barcelona",+34 934 58 12 12,,,Buffet Libre,,new,
Bar Restaurante El Quijote,España,,"Passeig de Verdum, 45, 08016 Barcelona",933514455,info@restaurantequijote.com,http://restaurantequijote.com,Restaurante,,new,
Restaurante Mar de Estrellas,España,,"Carrer de Marina, 189, 08013 Barcelona",+34 931 716 343,,,Restaurante,,new,
Restaurant Gegant,España,,"C/ de Pujades, 93, 08005 Barcelona",+34699524529,,,Restaurante,,new,
Bar La Teula,España,,"Carrer de Dante Alighieri, 45, 08032 Barcelona",+34 934294546,,,Bar,,new,
El Jardí de Nou Barris,España,,"Passeig de Fabra i Puig, 330, 08016 Barcelona",934086677,jardi@noubarris.es,http://www.eljardinoubarris.es,Restaurante,,new,
Restaurante Mediterrani,España,,"Carrer de València, 329, 08037 Barcelona",934574184,,,Restaurante,,new,
Mesón El Reloj,España,,"Carrer de Numància, 68, 08029 Barcelona",934104273,,,Restaurante,,new,
Bar El Santuario,España,,"Carrer del Santuari, 34, 08032 Barcelona",+34 934293344,,,Bar,,new,
Bodega Monumental Fabra,España,,"Passeig de Fabra i Puig, 196, 08016 Barcelona",+34933405555,info@bodegamonumental.com,https://bodegamonumental.com,Bodega / Tapas,,new,
Bar El Otro,España,,"Carrer del Dr. Pi i Molist, 15, 08016 Barcelona",+34933401122,,,Bar de Copas,,new,
Restaurante El Ñaño Bellaterra,España,,"Carrer de Padilla, 177, 08013 Barcelona",+34 932 327 508,elnanobellaterra@gmail.com,https://elnanobellaterra.com,Restaurante,,new,
El Velódromo,España,,"C. de Muntaner, 213, 08036 Barcelona",+34934306022,info@elvelodromo.com,https://www.elvelodromo.com,Bar / Restaurante Histórico,,new,
El Nou Antull,España,,"Carrer de Sant Antoni Maria Claret, 318, 08041 Barcelona",934351649,info@antull.cat,https://antull.cat,Restaurante,,new,
Timesburg Horta,España,,"Plaça d'Eivissa, 11, 08032 Barcelona",+34 934277320,horta@timesburg.com,https://www.timesburg.com,Hamburguesería,,contacted,"Sí tiene terraza exterior y es un local de tamaño mediano-grande con dos plantas. El sentimiento es positivo respecto a la comida, pero acumula quejas ocasionales por la lentitud del servicio en horas pico. Al ser una cadena, la venta de software es difícil (decisiones centralizadas), pero su alto volumen de mesas y delivery los hace ideales para sistemas de automatización de comandas."
Bitacora Poblenou,España,,"C/ de l'Alguer, 1, 08005 Barcelona",+34932251543,,,Bar de Tapas,,new,
Burger King Som Multiespai,España,,"Av. de Rio de Janeiro, 42, 08016 Barcelona",+34932765380,atencioncliente@burgerking.es,https://www.burgerking.es,Comida Rápida,,new,
Pappa e Citti,España,,"C. de Londres, 93, 08036 Barcelona",+34934142345,info@pappaecitti.com,https://www.pappaecitti.com,Restaurante Italiano,,new,
Bar San Remo,España,,"Carrer de Buenos Aires, 11, 08029 Barcelona",934100613,,,Bar,,new,
Bar Plaza Sant Andreu,España,,"Plaza de Orfila, 3, 08030 Barcelona",+34 933 11 25 21,plazaorfila@gmail.com,,Bar de Tapas,,new,
Santamasa Diagonal Mar,España,,"Av. Diagonal, 3, 08019 Barcelona",+34 933 56 04 22,hola@santamasa.com,https://santamasa.com,Restaurante,,new,
Pizzeria L'Antica,España,,"Carrer de Sant Adrià, 36, 08030 Barcelona",+34 933 11 40 45,info@lanticapizzeria.es,,Pizzería,,new,
Frankfurt Guinardó,España,,"Avinguda de la Mare de Déu de Montserrat, 47, 08041 Barcelona",934366298,,,Bar Frankfurt,,new,
Bar El Túnel,España,,"Carrer de Llobregós, 120, 08032 Barcelona",+34 934291200,,,Bar,,new,
La Selva,España,,"Carrer de Girona, 117, 08013 Barcelona",+34 935 348 244,info@laselvabarcelona.com,https://laselvabarcelona.com,Restaurante,,new,
Bar Bodega El Sidral,España,,"Carrer de Dante Alighieri, 20, 08032 Barcelona",+34 934292020,,,Bar Bodega,,new,
Vinitus,España,,"Carrer del Consell de Cent, 333, 08009 Barcelona",+34 933 63 21 27,info@vinitus.com,,Cervecería / Tapas,,new,
Bar Quimet d'Horta,España,,"Plaza de Eivissa, 10, 08032 Barcelona",+34 933581916,info@quimethorta.com,https://quimethorta.com,Bar de Tapas,,contacted,"Tiene terraza muy concurrida y un tamaño mediano-grande con alta rotación de clientes. Reseñas muy positivas (famoso por sus chapatas), con quejas puntuales por servicio saturado en horas punta. Ideal para vender software ágil de comandas/terraza por su alto volumen, pero al ser un bar histórico muy tradicional puede haber gran resistencia al cambio."
Xavier Pellicer,España,,"Carrer de Provença, 310, 08037 Barcelona",935259002,reservas@xavierpellicer.com,https://www.xavierpellicer.com,Restaurante,,new,
La Selva,España,,"Carrer de Girona, 117, 08037 Barcelona",938323071,info@laselvarestaurante.com,https://www.laselvarestaurante.com,Restaurante,,new,
Yoshi,España,,"Carrer de Roger de Flor, 193, 08037 Barcelona",934583515,info@restaurante-yoshi.com,https://www.restaurante-yoshi.com,Restaurante Japonés,,new,
CDLC Barcelona,España,,"Passeig Marítim de la Barceloneta, 32, 08003 Barcelona",+34932240470,info@cdlcbarcelona.com,https://cdlcbarcelona.com,Restaurante,,new,
Iktus,España,,"Av. Diagonal, 3, 08019 Barcelona",+34 933 56 22 25,,,Bar/Cafetería,,new,
Restaurant El Pacifico,España,,"Carrer de l'Almirall Cervera, 22, 08003 Barcelona",+34932211757,,,Restaurante,,new,
La Bodegueta de Sant Andreu,España,,"Rambla de Fabra i Puig, 30, 08030 Barcelona",+34 656 37 68 42,info@labodeguetadesantandreu.cat,https://www.labodeguetadesantandreu.cat,Bodega Restaurante,,new,
Bar Restaurante Winner 2,España,,"Calle Caracas, 13, 08030 Barcelona",+34 933 11 78 26,,,Bar Restaurante,,new,
Bar El Paso,España,,"Carrer de Sant Iscle, 45, 08016 Barcelona",933542299,,,Bar,,new,
Cafetería Manila,España,,"Carrer de la Maladeta, 5, 08016 Barcelona",933540088,,,Cafetería,,new,
Bar Restaurante Los Mañicos,España,,"Rambla de Guipúscoa, 114, 08020 Barcelona",+34 933 13 63 64,,,Bar Restaurante,,new,
Masia Can Verdaguer,España,,"Carrer de Piferrer, 94, 08016 Barcelona",933543163,info@canverdaguer.com,https://www.canverdaguer.com,Restaurante,,new,
Rodilla L'Illa,España,,"Av. Diagonal, 557, 08029 Barcelona",934440102,info@rodilla.es,https://www.rodilla.es,Sándwiches,,new,
Udon Pedralbes,España,,"Carrer de Santa Amèlia, 31, 08034 Barcelona",+34 932 05 77 77,pedralbes@udon.es,https://www.udon.es,Restaurante,,new,
Pizzería Trattoria Aneto,España,,"Carrer d'Aneto, 12, 08016 Barcelona",934083322,trattoria@aneto.com,,Pizzería,,new,
Bar El Racó de la Paqui,España,,"Carrer de Llull, 350, 08019 Barcelona",+34 933 07 43 12,,,Bar,,new,
DORA Restaurant Sant Andreu,España,,"Carrer de Malats, 16, 08030 Barcelona",+34 930 11 31 10,info@dorasantandreu.com,https://www.dorasantandreu.com,Restaurante Mediterráneo,,new,
Iktus,España,,"Av. Diagonal, 3, 08019 Barcelona",+34 933 56 22 25,,,Bar/Cafetería,,new,
Farggi Diagonal Mar,España,,"Av. Diagonal, 3, 08019 Barcelona",+34 933 56 23 20,atencionalcliente@farggi.com,https://farggi.com,Cafetería,,new,
Cervecería La Verneda,España,,"Carrer de Cantàbria, 35, 08020 Barcelona",+34 933 05 13 86,laverneda@cerveceria.com,,Cervecería,,new,
VIPS Diagonal Mar,España,,"Av. Diagonal, 3, 08019 Barcelona",+34 933 56 26 53,atencioncliente@vips.es,https://www.vips.es,Restaurante,,new,
Restaurante El Laurel,España,,"Carrer de Roger de Flor, 203, 08037 Barcelona",934578225,,,Restaurante,,new,
L'Olla de Si,España,,"Carrer de Loreto, 42, 08029 Barcelona",934103133,,,Restaurante,,new,
Bar l'Abadia,España,,"Carrer del Monestir, 1, 08034 Barcelona",+34 932 03 11 22,,,Bar,,new,
Tapería Jamón Jamón,España,,"Carrer de Piferrer, 45, 08016 Barcelona",+34933402211,info@jamonjamon.es,,Bar de Tapas,,new,
La Tagliatella Heron City,España,,"Avinguda de Rio de Janeiro, 42, 08016 Barcelona",932765503,info@latagliatella.es,https://www.latagliatella.es,Restaurante,,new,
Restaurante El Petit Príncep,España,,"Carrer de Lepant, 273, 08013 Barcelona",+34 932 462 823,,,Restaurante,,new,
Restaurante La Gula,España,,"Carrer de Loreto, 14, 08029 Barcelona",934193301,lagula@lagula.es,https://www.lagula.es,Restaurante,,new,
Seaside Country Dream S.A.,España,,"Avinguda de la Mare de Déu de Montserrat, 143, 08041 Barcelona",932256158,,,Bar,,new,
El Chato,España,,"Carrer de Roger de Flor, 228, 08013 Barcelona",+34 932 466 220,,,Bar/Restaurante,,new,
Goiko Diagonal Mar,España,,"Av. Diagonal, 3, 08019 Barcelona",+34 932 20 12 74,info@goiko.com,https://www.goiko.com,Restaurante,,new,
Can Culleres,España,,"C/ de Bilbao, 79, 08005 Barcelona",+34693069694,,,Restaurante,,new,
Shaka Barcelona,España,,"Carrer de Loreto, 13, 08029 Barcelona",934101010,info@shakabcn.com,https://shakabcn.com,Restaurante,,new,
Restaurante Can Manel,España,,"Carrer de Sant Adrià, 12, 08030 Barcelona",+34 933 46 22 25,canmanel@restaurant.com,,Restaurante Catalán,,new,
Restaurante El Chivo,España,,"Carrer de Piferrer, 116, 08016 Barcelona",933534301,reservas@elchivo.es,http://www.elchivo.es,Restaurante,,new,
Bar Trobada,España,,"Carrer de la Jota, 52, 08016 Barcelona",933491234,,,Bar,,new,
Blue Taco Diagonal Mar,España,,"Av. Diagonal, 3, 08019 Barcelona",+34 931 31 16 00,,,Restaurante,,new,
Bar Casa Paco,España,,"Carrer de Dante Alighieri, 18, 08032 Barcelona",+34 934291819,,,Bar,,new,
Restaurante Can Majó,España,,"Carrer de l'Almirall Aixada, 23, 08003 Barcelona",+34932215455,info@canmajo.es,https://www.canmajo.es,Restaurante,,new,
La Chelinda Diagonal Mar,España,,"Av. Diagonal, 3, 08019 Barcelona",+34 933 56 29 00,contacto@lachelinda.es,https://lachelinda.es,Restaurante,,new,
Germans Fabregat SCP,España,,"Carrer de la Indústria, 273, 08041 Barcelona",934355173,,,Bar,,new,
Bar El Patio,España,,"Carrer de Concili de Trento, 90, 08020 Barcelona",+34 933 14 02 33,,,Bar,,new,
Bristol Café Barcelona,España,,"Carrer de Roger de Flor, 220, 08037 Barcelona",934587131,hola@bristolcafe.es,https://www.bristolcafe.es,Cafetería/Bar,,new,
Barnabier,España,,"C/ de la Marina, 16, 08005 Barcelona",+34932210212,info@barnabier.com,https://barnabier.com,Restaurante Cervecería,,new,
Pizzeria Da Nanni Sant Martí,España,,"Carrer del Treball, 153, 08020 Barcelona",+34 936 84 35 15,danannibcn@gmail.com,https://dananni.es,Pizzería,,new,
Kurz & Gut Som Multiespai,España,,"Av. de Rio de Janeiro, 42, 08016 Barcelona",+34933545678,info@kurzgut.com,https://kurzgut.com,Frankfurt / Cervecería,,new,
La Trobada del Guinardó,España,,"Carrer de Teodor Llorente, 10 (Mercat del Guinardó), 08041 Barcelona",934362148,info@mercatguinardo.cat,https://mercatguinardo.cat,Bar de Mercado,,new,
Teòric Taverna Gastronòmica,España,,"Carrer de Bailèn, 117, 08009 Barcelona",+34 930 00 20 22,info@teoric.cat,https://teoric.cat/,Taverna de autor,,new,
Bar El Tunel,España,,"Carrer de Girona, 60, 08009 Barcelona",+34 934 58 48 53,info@eltunel.cat,,Bar-Restaurante tradicional,,new,
Gouthier,España,,"Carrer del Rosselló, 300, 08037 Barcelona",934591341,gouthier@gouthier.es,https://www.gouthier.es,Bar de Ostras,,new,
Don Giovanni,España,,"Carrer de Déu i Mata, 69, 08029 Barcelona",934101010,info@dongiovanni.es,http://www.dongiovanni.es,Restaurante Italiano,,new,
Bar El Cargolet,España,,"Carrer d'Entença, 212, 08029 Barcelona",934105051,,,Bar Restaurante,,new,
Indian Palace,España,,"Carrer del Segle XX, 9, 08041 Barcelona",933473954,indianpalacebcn@gmail.com,,Restaurante Indio,,new,
Restaurante Can Manel,España,,"Pg. de Fabra i Puig, 266, 08016 Barcelona",933581032,info@canmanel.es,http://www.canmanel.es,Restaurante,,new,
Xurreria Sant Andreu,España,,"C/ Gran de Sant Andreu, 241, 08030 Barcelona",+34 933 11 87 54,info@xurreriasantandreu.com,https://www.xurreriasantandreu.com,Bar Cafetería,,new,
Bar Tapa Tapa Nou Barris,España,,"Carrer de l'Escultor Ordóñez, 88, 08016 Barcelona",933539900,tapas@tapatapa08016.es,,Bar,,new,
Restaurante Can Ramon,España,,"Carrer del Telègraf, 50, 08041 Barcelona",934500812,,,Restaurante,,new,
Bar El Paso,España,,"Carrer de Llobregós, 145, 08032 Barcelona",+34 934294545,,,Bar,,new,
VIPS Diagonal Mar,España,,"Av. Diagonal, 3, 08019 Barcelona",+34 933 56 26 53,atencioncliente@vips.es,https://www.vips.es,Restaurante,,new,
Pork... boig per tu,España,,"Carrer del Consolat de Mar, 15, 08003 Barcelona",+34932687272,pork@porkboigpertu.com,http://www.porkboigpertu.com,Restaurante,,new,
El Racó de l'Agullana,España,,"Carrer de Mas Casanovas, 74, 08041 Barcelona",934358891,info@agullana.com,https://agullana.com,Restaurante,,new,
Ginos L'Illa,España,,"Av. Diagonal, 557, 08029 Barcelona",934440011,info@ginos.es,https://www.ginos.es,Restaurante Italiano,,new,
Frankfurt Maragall,España,,"Passeig de Maragall, 380, 08032 Barcelona",+34 934295500,,,Frankfurt,,new,
Hanami,España,,"C. de Muntaner, 166, 08036 Barcelona",+34934144415,info@hanamibcn.com,https://www.hanamibcn.com,Restaurante Japonés,,new,
Restaurante Koh-i-noor,España,,"Carrer de Loreto, 32, 08029 Barcelona",934107144,,,Restaurante Indio,,new,
Healthy Kitchen,España,,"Carrer de Bailèn, 160, 08037 Barcelona",938531106,info@healthykitchen.es,https://www.healthykitchen.es,Restaurante,,new,
Bar La Tasquita,España,,"Carrer de Sant Iscle, 45, 08016 Barcelona",+34933406677,,,Bar de Tapas,,new,
Pizzería Carlos,España,,"Carrer de Nicaragua, 115, 08029 Barcelona",934196161,clientes@pizzeriacarlos.es,https://www.pizzeriacarlos.es,Pizzería,,new,
Pure Cuisine,España,,"Av. Diagonal, 3, 08019 Barcelona",+34 933 56 16 71,info@purecuisine.es,https://purecuisine.es,Restaurante,,new,
Rodilla L'Illa,España,,"Av. Diagonal, 557, 08029 Barcelona",934440102,info@rodilla.es,https://www.rodilla.es,Sándwiches,,new,
Ribs Diagonal Mar,España,,"Av. Diagonal, 3, 08019 Barcelona",+34 933 56 02 02,atencioncliente@ribs.es,https://www.ribs.es,Restaurante,,new,
Ginos Diagonal Mar,España,,"Av. Diagonal, 3, 08019 Barcelona",+34 933 56 06 48,atencioncliente@ginos.es,https://www.ginos.es,Restaurante,,new,
L'Òstia,España,,"Plaça de la Barceloneta, 1, 08003 Barcelona",+34932214758,info@lostiabarcelona.com,https://www.lostiabarcelona.com,Restaurante,,new,
Granja Petitbo,España,,"Passeig de Sant Joan, 82, 08009 Barcelona",+34 932 65 65 03,info@granjapetitbo.com,https://www.granjapetitbo.com/,Cafetería / Bistro,,new,
El Drac,España,,"Carrer del Bruc, 44, 08009 Barcelona",+34 934 58 44 44,,,Bar-Restaurante,,new,
Bacoa Diagonal Mar,España,,"Av. Diagonal, 3, 08019 Barcelona",+34 933 56 02 46,info@bacoaburger.com,https://www.bacoaburger.com,Restaurante,,new,
80-200,España,,"C. de París, 200, 08036 Barcelona",+34934146051,info@80-200.com,https://www.80-200.com,Hamburguesería Gourmet,,new,
Escaleta del Guinardó,España,,"Carrer de Teodor Llorente, 16, 08041 Barcelona",934368149,info@escaletadelguinardo.com,https://escaletadelguinardo.com,Restaurante,,new,
El 9 de Loreto,España,,"Carrer de Loreto, 9, 08029 Barcelona",934191632,info@el9deloreto.com,https://www.el9deloreto.com,Restaurante,,new,
Restaurante Las Sardinitas,España,,"Passeig de Garcia Fària, 70, 08019 Barcelona",+34 932 21 03 12,info@monchos.com,https://monchos.com,Restaurante,,new,
Restaurante Casa Castro,España,,"Carrer de Menorca, 30, 08020 Barcelona",+34 933 13 14 05,casacastro@gmail.com,,Restaurante,,new,
Dunkin' Diagonal Mar,España,,"Av. Diagonal, 3, 08019 Barcelona",+34 933 56 12 34,info@dunkin.es,https://dunkin.es,Cafetería,,new,
Bar El Trébol,España,,"Avinguda de la Mare de Déu de Montserrat, 12, 08041 Barcelona",934363212,,,Bar,,new,
Bar El Tapeo,España,,"Carrer de Sant Adrià, 62, 08030 Barcelona",+34 933 45 88 11,,,Bar de Tapas,,new,
Bar Cervantes,España,,"Carrer de Manuel de Falla, 12, 08034 Barcelona",+34 932 03 36 21,,,Bar,,new,
Bar Restaurante Granados,España,,"Carrer del Doctor Pi i Molist, 74, 08016 Barcelona",933498801,,,Bar Restaurante,,new,
Maitea Taberna,España,,"C. de Casanova, 155, 08036 Barcelona",+34934512392,maitea@maitea.es,https://www.maitea.es,Taberna Vasca,,new,
Sopa Poblenou,España,,"C/ de Roc Boronat, 114, 08005 Barcelona",+34933095676,info@sopa.cat,https://sopa.cat,Restaurante Vegetariano,,new,
Restaurante La Gula,España,,"Carrer de Loreto, 14, 08029 Barcelona",934193301,lagula@lagula.es,https://www.lagula.es,Restaurante,,new,
AÜRT Restaurant,España,,"Passeig del Taulat, 262, 08019 Barcelona",+34 935 07 01 02,info@aurtrestaurant.com,https://www.aurtrestaurant.com,Restaurante,,new,
GreenVita Diagonal Mar,España,,"Av. Diagonal, 3, 08019 Barcelona",+34 934 93 11 00,diagonalmar@greenvita.com,https://greenvita.com,Restaurante,,new,
Bar Mesón Castellano,España,,"Carrer del Treball, 130, 08020 Barcelona",+34 933 05 44 21,,,Mesón,,new,
Cafetería Dulce,España,,"Passeig de Fabra i Puig, 250, 08016 Barcelona",933581144,dulce@fabra.es,http://www.cafedulce.es,Cafetería,,new,
Bodega Lluís,España,,"Carrer del Segre, 32, 08030 Barcelona",+34 933 11 44 23,bodegalluis@santandreu.com,,Bodega,,new,
Xiringuito Escribà,España,,"Av. del Litoral, 62, 08005 Barcelona",+34932210729,info@xiringuitoescriba.com,https://xiringuitoescriba.com,Restaurante Arrocería,,new,
Ginos L'Illa,España,,"Av. Diagonal, 557, 08029 Barcelona",934440011,info@ginos.es,https://www.ginos.es,Restaurante Italiano,,new,
La Tagliatella Diagonal Mar,España,,"Av. Diagonal, 3, 08019 Barcelona",+34 933 56 21 02,info@latagliatella.es,https://www.latagliatella.es,Restaurante,,new,
Bar Tano,España,,"Carrer de Sor Eulàlia d'Anzizu, 10, 08034 Barcelona",+34 932 04 48 12,,,Bar,,new,
Bar El Chispazo,España,,"Carrer de Sant Adrià, 114, 08030 Barcelona",+34 933 45 90 23,,,Bar,,new,
Bar Electricitat,España,,"Carrer de Sant Carles, 15, 08003 Barcelona",+34932215055,,,Bar,,new,
Restaurante Casa Angela,España,,"Placa de la Sagrada Familia, 13, 08013 Barcelona",+34 936 242 702,info@casaangelabcn.com,https://casaangelabcn.com,Restaurante,,new,
Green Vita L'Illa,España,,"Av. Diagonal, 557, 08029 Barcelona",936317761,info@greenvita.com,https://www.greenvita.com,Restaurante Saludable,,new,
5th Avenue L'Illa,España,,"Av. Diagonal, 557, 08029 Barcelona",934440104,info@5thave.es,,Restaurante,,new,
Restaurant Les Voltes,España,,"Av. de Pearson, 1, 08034 Barcelona",+34 932 04 04 12,,,Restaurante,,new,
Bar Piferrer,España,,"Carrer de Piferrer, 22, 08016 Barcelona",933530055,,,Bar,,new,
Restaurante Els Tres Porquets,España,,"Rambla de Guipúscoa, 165, 08020 Barcelona",+34 933 05 11 50,reserves@elstresporquets.es,https://elstresporquets.es,Restaurante de cocina catalana,,new,
Casa Do Zaraza,España,,"Carrer d'Entença, 182, 08029 Barcelona",933225547,,,Restaurante Gallego,,new,
Piazze d'Italia,España,,"C. de Casanova, 94, 08036 Barcelona",+34933235977,info@piazzeditalia.es,https://www.piazzeditalia.es,Restaurante Italiano,,new,
Bar Florida,España,,"Carrer de Sant Adrià, 150, 08030 Barcelona",+34 933 46 72 31,,,Bar de Copas,,new,
Bar Restaurante El Foro,España,,"Carrer de Piferrer, 88, 08016 Barcelona",+34933408811,,,Restaurante,,new,
Bar La Unió,España,,"Carrer de Sant Iscle, 2, 08016 Barcelona",933495511,,,Bar,,new,
Bar El Pollo,España,,"Carrer de Concili de Trento, 115, 08020 Barcelona",+34 933 14 22 55,,,Bar,,new,
Five Guys Diagonal Mar,España,,"Av. Diagonal, 3, 08019 Barcelona",+34 935 45 10 35,,https://www.fiveguys.es,Restaurante,,new,
Canela Restaurant,España,,"Passeig de Garcia Fària, 37, 08019 Barcelona",+34 935 31 60 40,ateneamar.res@occidentalhotels.com,,Restaurante,,new,
Bar El Trisquel,España,,"Carrer de Manuel de Falla, 8, 08034 Barcelona",+34 932 03 98 11,,,Bar,,new,
Bar-Restaurante J.M.,España,,"Carrer de Roger de Flor, 209, 08037 Barcelona",934586541,,,Restaurante,,new,
Goiko Diagonal Mar,España,,"Av. Diagonal, 3, 08019 Barcelona",+34 932 20 12 74,info@goiko.com,https://www.goiko.com,Restaurante,,new,
El Rincón de la Abuela,España,,"Carrer de la Diputació, 412, 08037 Barcelona",932653111,,,Restaurante,,new,
Cafetería Valldaura,España,,"Passeig de Valldaura, 185, 08016 Barcelona",933541199,hola@valldaura.es,http://www.valldaura.es,Cafetería,,new,
Seaside Country Dream S.A.,España,,"Avinguda de la Mare de Déu de Montserrat, 143, 08041 Barcelona",932256158,,,Bar,,new,
Santa Gloria L'Illa,España,,"Av. Diagonal, 557, 08029 Barcelona",934440101,info@santagloria.com,https://www.santagloria.com,Cafetería,,new,
Wok Pedralbes,España,,"Av. Diagonal, 672, 08034 Barcelona",+34 932 05 98 71,,,Restaurante,,new,
Sagardi BCN Gòtic,España,,"Carrer de l'Argenteria, 62, 08003 Barcelona",+34933199993,reservas@sagardi.com,https://sagardi.com,Restaurante,,new,
Restaurant La Bona Cuina,España,,"Carrer d'Aneto, 4, 08016 Barcelona",934081245,labonacuina@gmail.com,,Restaurante,,new,
Restaurante La Cabaña,España,,"Carrer de l'Escultor Ordóñez, 12, 08016 Barcelona",+34933401234,,,Restaurante,,new,
Shoko Barcelona,España,,"Passeig Marítim de la Barceloneta, 36, 08003 Barcelona",+34932259200,info@shoko.biz,https://shoko.biz,Restaurante,,new,
Maná 75,España,,"Passeig de Joan de Borbó, 101, 08003 Barcelona",+34938326415,hello@mana75.es,https://mana75.es,Restaurante,,new,
Restaurante Alvart,España,,"C. d'Aribau, 141, 08036 Barcelona",+34934305758,info@alvart.es,https://www.alvart.es,Cocina Mediterránea,,new,
Bacoa Barceloneta,España,,"Carrer del Judici, 15, 08003 Barcelona",+34932214994,info@bacoaburger.com,https://www.bacoaburger.com,Restaurante,,new,
Anfiteatro,España,,"Avenida Litoral, 37, 08005 Barcelona",+34659695345,,,Restaurante,,new,
Bar El Chiringuito,España,,"Carrer de Cantabria, 60, 08020 Barcelona",+34 933 05 06 07,,,Bar de Tapas,,new,
Bar El Barrio,España,,"Carrer de l'Escultor Ordóñez, 78, 08016 Barcelona",+34934089911,,,Bar,,new,
Llaollao Diagonal Mar,España,,"Av. Diagonal, 3, 08019 Barcelona",+34 933 56 00 00,info@llaollao.es,https://www.llaollaoweb.com,Heladería/Bar,,new,
Rosti Restaurant,España,,"C/ de Ramón Trias Fargas, 2, 08005 Barcelona",+34932217607,,,Restaurante de Hamburguesas,,new,
Bar Restaurante El Cid,España,,"Carrer de Varsòvia, 30, 08041 Barcelona",934359871,,,Bar Restaurante,,new,
Bar Restaurante Mediterráneo,España,,"Carrer de Cartellà, 108, 08016 Barcelona",934083322,,,Bar Restaurante,,new,
Bar Tapes,España,,"Carrer de València, 345, 08037 Barcelona",932076509,,,Bar de Tapas,,new,
Foster's Hollywood Som Multiespai,España,,"Av. de Rio de Janeiro, 42, 08016 Barcelona",+34932765355,info@fostershollywood.es,https://fostershollywood.es,Parrilla Americana,,new,
Restaurante Bon Pastor,España,,"Calle de Caracas, 2, 08030 Barcelona",+34 933 11 09 54,,,Restaurante,,new,
Bar El Rinconito,España,,"Carrer de la Conca de Tremp, 82, 08032 Barcelona",+34 934071122,,,Bar,,new,
Restaurante Da Viviana,España,,"Carrer de Loreto, 44, 08029 Barcelona",934399728,,,Restaurante Italiano,,new,
Bar El Cargolet,España,,"Carrer d'Entença, 212, 08029 Barcelona",934105051,,,Bar Restaurante,,new,
Foster's Hollywood Diagonal Mar,España,,"Av. Diagonal, 3, 08019 Barcelona",+34 933 56 22 75,atencioncliente@fostershollywood.es,https://fostershollywood.es,Restaurante,,new,
Bar Restaurante Marismas,España,,"Rambla de Guipúscoa, 120, 08020 Barcelona",+34 933 13 47 89,marismas@guipuscoa.com,,Restaurante,,new,
L'Olla de Si,España,,"Carrer de Loreto, 42, 08029 Barcelona",934103133,,,Restaurante,,new,
Bar Mut,España,,"Carrer de Pau Claris, 192, 08037 Barcelona",932174338,info@barmut.com,https://www.barmut.com,Gastrobar,,new,
Restaurante Tio Papelon,España,,"Carrer de Marina, 214, 08013 Barcelona",+34 932 312 004,info@tiopapelon.com,https://tiopapelon.com,Restaurante,,new,
Restaurant Els Tres Tombs,España,,"Plaza de la Pomera, 1, 08030 Barcelona",+34 933 45 33 21,trestombs@santandreu.es,,Restaurante de Barrio,,new,
Bar Plaza Sant Andreu,España,,"Plaza de Orfila, 3, 08030 Barcelona",+34 933 11 25 21,plazaorfila@gmail.com,,Bar de Tapas,,new,
Restaurante Can Manel,España,,"Carrer de Sant Adrià, 12, 08030 Barcelona",+34 933 46 22 25,canmanel@restaurant.com,,Restaurante Catalán,,new,
Shishamo,España,,"C. de Casanova, 167, 08036 Barcelona",+34934150534,,,Restaurante Japonés,,new,
Telepizza,España,,"Avinguda de la Mare de Déu de Montserrat, 163, 08041 Barcelona",934555800,atencionalcliente@telepizza.com,https://www.telepizza.es,Pizzería,,new,
Bar Restaurante Los Manueles,España,,"Carrer del Dr. Pi i Molist, 40, 08016 Barcelona",+34933496582,info@losmanueles.es,,Bar Restaurante,,new,
Bar La Palmera,España,,"Carrer de la Palmera, 8, 08020 Barcelona",+34 933 14 74 12,,,Bar,,new,
Oaxaca Cuina Mexicana,España,,"Pla de Palau, 19, 08003 Barcelona",+34933190064,info@oaxacabcn.com,https://oaxacabcn.com,Restaurante,,new,
Germans Fabregat SCP,España,,"Carrer de la Indústria, 273, 08041 Barcelona",934355173,,,Bar,,new,
Bar Avenida,España,,"Rambla de Guipúscoa, 150, 08020 Barcelona",+34 933 13 01 02,,,Bar,,new,
Restaurante El Laurel,España,,"Carrer de Varsòvia, 54, 08041 Barcelona",934360341,info@restauranteellaurel.es,https://restauranteellaurel.es,Restaurante,,new,
Restaurant La Bassa,España,,"Carrer de Santa Amèlia, 25, 08034 Barcelona",+34 932 04 56 12,,,Restaurante,,new,
Restaurante Gaia,España,,"C. de Còrsega, 250, 08036 Barcelona",+34934309325,info@gaianatural.com,https://www.gaianatural.com,Restaurante Saludable,,new,
Restaurante El Mirador de Nou Barris,España,,"Passeig de Fabra i Puig, 400, 08016 Barcelona",+34933540022,info@elmirador.es,,Restaurante,,new,
Restaurante La Parada,España,,"Carrer del Doctor Pi i Molist, 50, 08016 Barcelona",933538877,laparada@gmail.com,,Restaurante,,new,
Sandwichez Capità Arenas,España,,"Carrer del Capità Arenas, 54, 08034 Barcelona",+34 932 05 81 04,info@sandwichez.es,https://www.sandwichez.es,Cafetería,,new,
Öuzö Restaurant,España,,"Carrer de Joan Torras, 26, 08030 Barcelona",+34 936 04 78 79,info@ouzosomdelbarri.com,https://ouzosomdelbarri.com,Restaurante de Tapas,,new,
Bar Restaurante Los Maños,España,,"Carrer de Jimenez e Iglesias, 10, 08034 Barcelona",+34 932 04 01 22,,,Bar Restaurante,,new,
Bar Pardo,España,,"Carrer del Doctor Bové, 121, 08032 Barcelona",+34 934208076,,,Bar,,new,
Frankfurt Porta,España,,"Carrer de la Porta, 15, 08016 Barcelona",932431109,,,Bar,,new,
Restaurante Olivos,España,,"Passeig del Taulat, 272, 08019 Barcelona",+34 933 56 26 00,bcnmar.atencion@vinccihotels.com,,Restaurante,,new,
Restaurante Olivos,España,,"Passeig del Taulat, 272, 08019 Barcelona",+34 933 56 26 00,bcnmar.atencion@vinccihotels.com,,Restaurante,,new,
Restaurante La Familia,España,,"Carrer de Roger de Flor, 245, 08037 Barcelona",934582312,,,Restaurante,,new,
Marimorena Barcelona,España,,"Carrer de Loreto, 24, 08029 Barcelona",934109405,info@marimorenabcn.com,https://marimorenabcn.com,Restaurante,,new,
Bar Restaurante Los Amigos,España,,"Carrer de Menorca, 55, 08020 Barcelona",+34 933 13 00 22,,,Bar Restaurante,,new,
Cantina Mariachi Diagonal Mar,España,,"Av. Diagonal, 3, 08019 Barcelona",+34 933 56 25 75,info@cantinamariachi.es,https://cantinamariachi.es,Restaurante,,new,
La Peninsular,España,,"Carrer del Mar, 29, 08003 Barcelona",+34932211462,,,Bar,,new,
Can Josep,España,,"Carrer de Roger de Flor, 237, 08037 Barcelona",934572453,,,Restaurante,,new,
Bar Diagonal,España,,"Carrer de Girona, 171, 08037 Barcelona",934575382,,,Bar,,new,
Napa,España,,"C. d'Aribau, 125, 08036 Barcelona",+34934513695,info@napabcn.com,https://www.napabcn.com,Cocina de mercado,,new,
Carballeira,España,,"Carrer de la Reina Cristina, 3, 08003 Barcelona",+34933101218,info@carballeira.com,https://carballeira.com,Restaurante,,new,
Restaurante L'Escandall,España,,"Passeig de Garcia Fària, 71, 08019 Barcelona",+34 931 19 01 25,lescandall@lescandall.com,https://lescandall.com,Restaurante,,new,
Andy Blue S.C.P.,España,,"Calle Segre, 24, 08030 Barcelona",+34 932 74 51 44,,,Restaurante,,new,
Restaurante Koh-i-noor,España,,"Carrer de Loreto, 32, 08029 Barcelona",934107144,,,Restaurante Indio,,new,
Bar El Tapeo,España,,"Carrer de la Conca de Tremp, 30, 08032 Barcelona",+34 934073030,,,Bar,,new,
Bar Jai-Ca,España,,"Carrer de Ginebra, 13, 08003 Barcelona",+34932683264,info@barjaica.com,https://www.barjaica.com,Bar,,new,
Burger King L'Illa,España,,"Av. Diagonal, 557, 08029 Barcelona",934101011,info@burgerking.es,https://www.burgerking.es,Comida Rápida,,new,
Bamboo Barcelona,España,,"Carrer de la Pau, 12, 08019 Barcelona",+34 933 56 03 57,info@bamboobarcelona.com,https://bamboobarcelona.com,Restaurante/Beach Club,,new,
Frankfurt El Padrino,España,,"Carrer de l'Ajuntament, 4, 08030 Barcelona",+34 933 11 88 54,,,Frankfurt,,new,
L'Escopinya,España,,"Carrer de Roger de Flor, 193, 08037 Barcelona",934583515,,,Vermutería,,new,
Santa Gloria L'Illa,España,,"Av. Diagonal, 557, 08029 Barcelona",934440101,info@santagloria.com,https://www.santagloria.com,Cafetería,,new,
Un'Altra Storia,España,,"C. de Londres, 87, 08036 Barcelona",+34934140024,info@unaltrastoria.es,https://www.unaltrastoria.es,Restaurante Italiano,,new,
Anauco Sagrada Familia,España,,"Carrer de València, 428, 08013 Barcelona",+34 936 240 734,info@anaucoburger.com,https://anaucoburger.com,Restaurante,,new,
Restaurante El Racó d'Horta,España,,"Carrer de Cartellà, 100, 08032 Barcelona",+34 934201000,,,Restaurante,,new,
La Terraza del Claris,España,,"Carrer de Pau Claris, 150, 08009 Barcelona",+34 934 87 62 62,claris@derbyhotels.com,https://www.hotelclaris.com/,Restaurante Gastronómico,,new,
Pizzería Napoletana Da Nanni,España,,"Carrer de la Diputació, 411, 08037 Barcelona",938586998,info@dananni.es,https://www.dananni.es,Pizzería,,new,
Restaurante El Farcell,España,,"Carrer de Cavallers, 30, 08034 Barcelona",+34 932 05 77 88,,,Restaurante,,new,
Bar Méndez,España,,"Rambla del Carmel, 70, 08032 Barcelona",+34 934072124,,,Bar de Tapas,,new,
Bierwinkel Diagonal Mar,España,,"Av. Diagonal, 3, 08019 Barcelona",+34 933 56 18 56,info@bierwinkel.es,https://bierwinkel.es,Bar/Cervecería,,new,
Restaurante Xino Pekín,España,,"Carrer de Sant Iscle, 14, 08016 Barcelona",933497788,,,Restaurante,,new,
Bar Restaurante El Mirador,España,,"Ronda del Guinardó, 110, 08041 Barcelona",934351234,,,Bar Restaurante,,new,
Blu Bar,España,,"C/ de Ramón Turró, 70, 08005 Barcelona",+34931306385,info@blubar.es,https://blubar.es,Bar / Pizza y Tapas,,new,
Bar Sanllehy,España,,"Carrer de la Riera d'Horta, 35, 08030 Barcelona",+34 933 46 12 77,,,Bar Restaurante,,new,
Bar Restaurante Extremadura,España,,"Carrer de Binefar, 5, 08020 Barcelona",+34 933 13 99 88,extremadura@binefar.es,,Restaurante,,new,
Bar El Trébol,España,,"Carrer de l'Escultor Ordóñez, 22, 08016 Barcelona",933530012,,,Bar,,new,
Taberna de l'Eixample,España,,"Carrer de València, 341, 08037 Barcelona",934572344,,,Taberna,,new,
Dunkin' Diagonal Mar,España,,"Av. Diagonal, 3, 08019 Barcelona",+34 933 56 12 34,info@dunkin.es,https://dunkin.es,Cafetería,,new,
La Bodegueta del Guinardó,España,,"Carrer de Varsòvia, 84, 08041 Barcelona",934360776,arnau.llach@gmail.com,https://labodeguetadelguinardo.com,Restaurante,,new,
Sasha Bar,España,,"C. de Muntaner, 185, 08036 Barcelona",+34934141630,info@sashabar.es,https://www.sashabar.es,Bar / Cocktails,,new,
Izakaya Loreto,España,,"Carrer de Loreto, 18, 08029 Barcelona",934107144,info@izakaya.es,https://izakaya.es,Restaurante Japonés,,new,
Peluquería Low Cost Barcelona - Fabra i Puig,España,,"Passeig de Fabra i Puig, 240, 08016 Barcelona",+34 933 40 85 55,info@peluquerialowcost.com,https://peluquerialowcost.com,Peluquería,,new,
Restaurante Xavi,España,,"C. de París, 125, 08036 Barcelona",+34934145612,,,Restaurante Tradicional,,new,
Bar Restaurante El Templo,España,,"Avinguda de la Mare de Déu de Montserrat, 50, 08041 Barcelona",934356789,,,Bar Restaurante,,new,
Vai Moana,España,,"Av. del Litoral s/n (Platja de Bogatell), 08005 Barcelona",+34932250074,info@panteagroup.es,https://panteagroup.es/vaimoana,Chiringuito / Restaurante,,new,
Kurz & Gut L'Illa,España,,"Av. Diagonal, 557, 08029 Barcelona",934190808,info@kurzgut.com,https://kurzgut.com,Restaurante,,new,
Don Giovanni,España,,"Carrer de Déu i Mata, 69, 08029 Barcelona",934101010,info@dongiovanni.es,http://www.dongiovanni.es,Restaurante Italiano,,new,
Restaurante El Desván,España,,"Carrer de Padilla, 164, 08013 Barcelona",+34 934 507 925,,,Restaurante,,new,
Foster's Hollywood Heron City,España,,"Avinguda de Rio de Janeiro, 42, 08016 Barcelona",932765355,atencioncliente@fostershollywood.es,https://fostershollywood.es,Restaurante,,new,
Kynoto Sushi Bar,España,,"C. de Villarroel, 216, 08036 Barcelona",+34934305898,info@kynoto.es,https://www.kynoto.es,Restaurante Japonés,,new,
Bar La Terraza,España,,"Carrer de Nicaragua, 122, 08029 Barcelona",934100613,,,Bar,,new,
Pizzeria Orkina,España,,"Carrer del Capità Arenas, 66, 08034 Barcelona",+34 932 04 27 38,,,Pizzería,,new,
Restaurante El Jardí de l'Ametller,España,,"Carrer de la Vall d'Ordesa, 30, 08016 Barcelona",+34933407766,,,Restaurante,,new,
Bar El Maresme,España,,"Carrer de Cristòbal de Moura, 122, 08019 Barcelona",+34 933 07 45 12,,,Bar,,new,
Starbucks Pedralbes,España,,"Av. Diagonal, 609, 08034 Barcelona",+34 934 39 48 01,atencioncliente@starbucks.es,https://www.starbucks.es,Cafetería,,new,
Restaurante La Mamma,España,,"C/ Gran de Sant Andreu, 212, 08030 Barcelona",+34 933 45 09 88,lamamma@restaurante.es,,Restaurante Italiano,,new,
Bar El Trébol,España,,"Avinguda de la Mare de Déu de Montserrat, 12, 08041 Barcelona",934363212,,,Bar,,new,
Bardot,España,,"C. de Muntaner, 189, 08036 Barcelona",+34932002214,info@bardotbcn.com,https://www.bardotbcn.com,Vinoteca / Restaurante,,new,
Bar El Tapeo,España,,"Carrer de Sant Adrià, 62, 08030 Barcelona",+34 933 45 88 11,,,Bar de Tapas,,new,
Un Posto al Sole,España,,"Carrer de Nicaragua, 113, 08029 Barcelona",934107873,,,Pizzería,,new,
Estimar,España,,"Carrer de Sant Antoni dels Sombrerers, 3, 08003 Barcelona",+34932689197,info@restaurantestimar.com,https://www.restaurantestimar.com,Restaurante,,new,
Pez Vela,España,,"Passeig del Mare Nostrum, 19, 08003 Barcelona",+34932216317,pezvela@grupotragaluz.com,https://grupotragaluz.com/restaurante/pez-vela/,Restaurante,,new,
La Chelinda Diagonal Mar,España,,"Av. Diagonal, 3, 08019 Barcelona",+34 933 56 29 00,contacto@lachelinda.es,https://lachelinda.es,Restaurante,,new,
Starbucks L'Illa,España,,"Av. Diagonal, 557, 08029 Barcelona",934101011,info@starbucks.es,https://www.starbucks.es,Cafetería,,new,
La Taula de l'Illa,España,,"Carrer d'Entença, 332, 08029 Barcelona",934301540,,,Restaurante,,new,
Via BBB,España,,"Avinguda de la Mare de Déu de Montserrat, 146, 08041 Barcelona",934557127,,,Bar,,new,
Bar Nou de Nou,España,,"Carrer de l'Escultor Ordóñez, 5, 08016 Barcelona",933534433,,,Bar,,new,
Restaurante Mar y Tierra,España,,"Carrer de Sant Iscle, 30, 08016 Barcelona",933545544,info@marytierra.es,,Restaurante,,new,
Restaurant La Posada,España,,"Carrer del Doctor Pi i Molist, 15, 08016 Barcelona",933518877,,,Restaurante,,new,
Restaurante Sabor Mar,España,,"Carrer de Josep Pla, 11, 08019 Barcelona",+34 934 98 70 81,,,Restaurante,,new,
Bar Restaurante El Cid,España,,"Carrer de Varsòvia, 30, 08041 Barcelona",934359871,,,Bar Restaurante,,new,
5th Avenue L'Illa,España,,"Av. Diagonal, 557, 08029 Barcelona",934440104,info@5thave.es,,Restaurante,,new,
Via BBB,España,,"Avinguda de la Mare de Déu de Montserrat, 146, 08041 Barcelona",934557127,,,Bar,,new,
Cafetería HD,España,,"Carrer de Loreto, 7, 08029 Barcelona",934191310,,,Cafetería,,new,
Restaurante O'Chiringuito,España,,"Carrer de Ribes, 26, 08013 Barcelona",+34 932 311 021,,,Restaurante,,new,
Pizzería L'Arte,España,,"Passeig de Fabra i Puig, 290, 08016 Barcelona",933587700,ciao@lartepizzeria.com,http://www.lartepizzeria.com,Pizzería,,new,
Can Cargol,España,,"Carrer de València, 324, 08009 Barcelona",+34 934 58 96 31,324cancargol@gmail.com,https://www.cancargolbarcelona.com/,Restaurante Brasería,,new,
Bar Thonet,España,,"Carrer de Santa Amèlia, 12, 08034 Barcelona",+34 932 03 03 25,,,Bar,,new,
Bar Restaurante El Rincón,España,,"Carrer de Sant Iscle, 12, 08016 Barcelona",+34933540099,,,Bar,,new,
Goiko Som Multiespai,España,,"Av. de Rio de Janeiro, 42, 08016 Barcelona",+34931221035,info@goiko.com,https://www.goiko.com,Hamburguesería,,new,
Starbucks Som Multiespai,España,,"Av. de Rio de Janeiro, 42, 08016 Barcelona",+34932765400,info@starbucks.es,https://www.starbucks.es,Cafetería,,new,
Bar Los Mañicos,España,,"Carrer de Malgrat, 80, 08016 Barcelona",933524433,,,Bar,,new,
Pans & Company Diagonal Mar,España,,"Av. Diagonal, 3, 08019 Barcelona",+34 933 56 03 33,atencioncliente@eatout.es,https://www.pansandcompany.com,Restaurante,,new,
Bar Restaurante Garden,España,,"Av. Diagonal, 661, 08034 Barcelona",+34 932 80 05 42,,,Bar Restaurante,,new,
Öuzö Restaurant,España,,"Carrer de Joan Torras, 26, 08030 Barcelona",+34 936 04 78 79,info@ouzosomdelbarri.com,https://ouzosomdelbarri.com,Restaurante de Tapas,,new,
D'Aprop Diagonal Mar,España,,"Passeig del Taulat, 278, 08019 Barcelona",+34 934 89 82 00,barcelona@ac-hotels.com,https://www.marriott.com,Restaurante,,new,
Bar El Maresme,España,,"Carrer de Cristòbal de Moura, 122, 08019 Barcelona",+34 933 07 45 12,,,Bar,,new,
El Jardí de l'Abadessa,España,,"Carrer de l'Abadessa Olzet, 26, 08034 Barcelona",+34 932 80 37 54,info@jardidabadessa.com,https://www.jardidabadessa.com,Restaurante,,new,
Bar Restaurante El Templo,España,,"Avinguda de la Mare de Déu de Montserrat, 50, 08041 Barcelona",934356789,,,Bar Restaurante,,new,
Vivant,España,,"Carrer del Consell de Cent, 394, 08009 Barcelona",+34 933 15 80 09,info@vivantbcn.com,https://www.vivantbcn.com/,Bistro Mediterráneo,,new,
La Trobada del Guinardó,España,,"Carrer de Teodor Llorente, 10 (Mercat del Guinardó), 08041 Barcelona",934362148,info@mercatguinardo.cat,https://mercatguinardo.cat,Bar de Mercado,,new,
Bar Tapería La Parra,España,,"Carrer de Sant Iscle, 27, 08016 Barcelona",933510099,,,Bar,,new,
Bar Central Nou Barris,España,,"Passeig de Valldaura, 210, 08016 Barcelona",933539988,,,Bar,,new,
Bella Italia,España,,"Carrer de Roger de Llúria, 87, 08009 Barcelona",+34 932 15 50 15,info@bellaitaliabcn.com,https://www.bellaitaliabcn.com/,Pizzería / Italiano,,new,
El Mercat del Peix,España,,"Carrer de Roger de Flor, 220, 08037 Barcelona",934587131,,,Restaurante,,new,
VIPS Heron City,España,,"Avinguda de Rio de Janeiro, 42, 08016 Barcelona",932765320,atencioncliente@vips.es,https://www.vips.es,Restaurante,,new,
Bar Estrella,España,,"Carrer de la Porta, 5, 08016 Barcelona",932430099,,,Bar,,new,
9 Nine,España,,"Carrer de València, 334, 08009 Barcelona",+34 934 57 41 82,reservation@nine.barcelona,https://www.nine.barcelona/,Restaurante Mediterráneo,,new,
La Granja,España,,"Carrer de Marina, 203, 08013 Barcelona",+34 932 458 877,,,Bar/Restaurante,,new,
Restaurant Jaizkibel,España,,"Carrer del Bruc, 44, 08009 Barcelona",+34 934 58 11 50,restjaizkibel@gmail.com,,Cocina Vasca,,new,
Bar Restaurante La Trobada,España,,"Carrer de Piferrer, 60, 08016 Barcelona",+34933545566,,,Bar Restaurante,,new,
Bar-Cafetería L'Olivera,España,,"Passeig de Fabra i Puig, 310, 08016 Barcelona",934085522,,,Bar,,new,
Udon Diagonal Mar,España,,"Av. Diagonal, 3, 08019 Barcelona",+34 933 56 04 22,info@udon.es,https://www.udon.es,Restaurante,,new,
Bar El Rinconcito,España,,"Carrer de la Selva de Mar, 180, 08020 Barcelona",+34 933 13 21 00,,,Bar,,new,
Mo Cu Ri To S.L.,España,,"Carrer de la Capella, 15, 08041 Barcelona",934501726,,,Bar Restaurante,,new,
Risto Pizza Pecora Nera,España,,"Carrer de Teodor Llorente, 23, 08041 Barcelona",933519133,info@pecoranerabcn.com,https://pecoranerabcn.com,Restaurante Italiano,,new,
El Tap Barcelona,España,,"Carrer de Constança, 8, 08029 Barcelona",934195155,info@eltap.cat,http://eltap.cat,Bar de Tapas,,new,
Maragall Tapas,España,,"Carrer del Segle XX, 1, 08041 Barcelona",934363248,,,Bar de Tapas,,new,
Makamaka Beach Burger Cafe,España,,"Passeig de Joan de Borbó, 76, 08003 Barcelona",+34932213520,hola@makamaka.es,https://makamaka.es,Restaurante,,new,
Restaurante Pedralbes Palace,España,,"Av. de Pedralbes, 16, 08034 Barcelona",+34 932 03 45 12,,,Restaurante,,new,
Pizzería Maragall,España,,"Passeig de Maragall, 400, 08032 Barcelona",+34 934294000,,,Pizzería,,new,
Honest Greens L'Illa,España,,"Av. Diagonal, 557, 08029 Barcelona",935481745,hello@honestgreens.com,https://honestgreens.com,Restaurante Saludable,,new,
Marina Bay by Moncho's,España,,"C/ de la Marina, 19-21, 08005 Barcelona",+34932211514,info@monchos.com,https://www.monchos.com,Restaurante Mediterráneo,,new,
Real Club de Polo de Barcelona,España,,"Av. del Doctor Marañón, 19, 08034 Barcelona",+34 934 48 04 00,info@rcpolo.com,https://www.rcpolo.com,Club Restaurante,,new,
Pans & Company Heron City,España,,"Avinguda de Rio de Janeiro, 42, 08016 Barcelona",932765088,atencioncliente@pansandcompany.com,https://www.pansandcompany.com,Restaurante,,new,
Escaleta del Guinardó,España,,"Carrer de Teodor Llorente, 16, 08041 Barcelona",934368149,info@escaletadelguinardo.com,https://escaletadelguinardo.com,Restaurante,,new,
Bar El Rincón de la Brasa,España,,"Carrer de Llobregós, 200, 08032 Barcelona",+34 934292021,,,Restaurante,,new,
Ginos Diagonal Mar,España,,"Av. Diagonal, 3, 08019 Barcelona",+34 933 56 06 48,atencioncliente@ginos.es,https://www.ginos.es,Restaurante,,new,
La Taberna del Clínic,España,,"C. de Rosselló, 155, 08036 Barcelona",+34934108556,info@latabernadelclinic.com,https://www.latabernadelclinic.com,Restaurante Gastronómico,,new,
Restaurante Santa Clara,España,,"Carrer de Santa Clara, 10, 08034 Barcelona",+34 932 04 94 47,info@santaclararestaurante.com,https://www.santaclararestaurante.com,Restaurante,,new,
Musiu Pau Claris,España,,"Carrer de Pau Claris, 112, 08009 Barcelona",+34 935 48 48 37,info@musiu.es,https://www.musiu.es/,Pasta & Pizza artesana,,new,
Taberna Milgritos,España,,"Carrer de la Diputació, 404, 08037 Barcelona",932468804,,,Bar de Tapas,,new,
Bar Restaurante El Pasaje,España,,"Passatge de Llívia, 21, 08041 Barcelona",934365518,,,Bar Restaurante,,new,
Restaurante El Forn de l'Avi,España,,"Carrer de Sant Antoni Maria Claret, 258, 08041 Barcelona",934361099,info@elforndelavi.com,http://elforndelavi.com,Restaurante,,new,
La Tertúlia,España,,"Carrer de Morales, 15, 08029 Barcelona",934195155,,,Bar de Tapas,,new,
Bar Restaurante El Mirador,España,,"Carrer d'Elisenda de Pinós, 10, 08034 Barcelona",+34 932 04 87 56,,,Bar Restaurante,,new,
Bar Versalles,España,,"C/ Gran de Sant Andreu, 255, 08030 Barcelona",+34 933 46 82 25,info@barversalles.com,https://www.barversalles.com,Bar Restaurante Histórico,,new,
Cervecería L'Artesana,España,,"Carrer de Sant Iscle, 15, 08016 Barcelona",+34933543322,info@lartesana.cat,http://lartesana.cat,Cervecería Artesana,,new,
L'Adrogueria,España,,"Carrer de la Diputació, 310, 08009 Barcelona",+34 934 87 50 50,info@ladrogueria.es,,Tapería,,new,
Bar Los Manueles,España,,"Carrer del Pont del Treball Digne, 15, 08020 Barcelona",+34 932 78 12 45,,,Bar de Tapas,,new,
Restaurante O'Grandi,España,,"Carrer de Roger de Flor, 218, 08037 Barcelona",934574085,,,Restaurante,,new,
Cafeteria UB Economia,España,,"Av. Diagonal, 690, 08034 Barcelona",+34 934 02 18 00,,,Cafetería,,new,
Bamboo Barcelona,España,,"Carrer de la Pau, 12, 08019 Barcelona",+34 933 56 03 57,info@bamboobarcelona.com,https://bamboobarcelona.com,Restaurante/Beach Club,,new,
Vips L'Illa,España,,"Av. Diagonal, 557, 08029 Barcelona",934440012,vips@vips.es,https://www.vips.es,Restaurante,,new,
Pizzería Nou Barris,España,,"Carrer d'Escòcia, 45, 08016 Barcelona",934082111,pizza@noubarris.com,http://www.pizzerianoubarris.com,Pizzería,,new,
Restaurante La Cupula,España,,"Carrer de Sicilia, 255, 08013 Barcelona",+34 932 458 877,,,Restaurante,,new,
Ca la Nuri Eixample,España,,"Carrer del Consell de Cent, 377, 08009 Barcelona",+34 935 32 35 24,info@calanuri.com,https://calanuri.com/,Restaurante de cocina catalana,,new,
Bar del Pla,España,,"Carrer de Montcada, 2, 08003 Barcelona",+34932683003,info@bardelpla.cat,https://www.bardelpla.cat,Bar,,new,
Ribs L'Illa,España,,"Av. Diagonal, 557, 08029 Barcelona",934440121,info@ribs.es,https://www.ribs.es,Restaurante Americano,,new,
La Brotxeta,España,,"Carrer de Sant Adrià, 31, 08030 Barcelona",+34 933 11 57 13,labrotxeta@yahoo.es,,Restaurante Brasería,,new,
Restaurante El Racó,España,,"Carrer d'Entença, 218, 08029 Barcelona",934107141,,,Restaurante,,new,
Mar de Cava,España,,"Carrer de València, 293, 08037 Barcelona",934580271,hola@mardecava.com,http://mardecava.com,Bar/Bistro,,new,
Bocanariz,España,,"Carrer de Roger de Flor, 218, 08037 Barcelona",934574085,,,Taberna,,new,
Bar Restaurante El Tapeo,España,,"Carrer del Doctor Pi i Molist, 28, 08016 Barcelona",933408016,,,Bar Restaurante,,new,
Billy Brunch & Garden,España,,"Carrer de Bailèn, 115, 08037 Barcelona",931431402,hello@billybrunch.com,https://www.billybrunch.com,Restaurante/Brunch,,new,
Burger King Diagonal Mar,España,,"Av. Diagonal, 3, 08019 Barcelona",+34 933 56 28 22,,https://www.burgerking.es,Restaurante,,new,
Bar Restaurante Los Maños,España,,"Carrer de l'Escultor Ordóñez, 35, 08016 Barcelona",+34933490011,,,Bar Restaurante,,new,
Casa Carmen Diagonal Mar,España,,"Av. Diagonal, 3, 08019 Barcelona",+34 933 56 29 18,diagonalmar@casacarmen.es,https://casacarmen.es,Restaurante,,new,
Bar El Suquet,España,,"Carrer de l'Escultor Ordóñez, 5, 08016 Barcelona",934087788,,,Bar,,new,
El Petit de la Sagrada Familia,España,,"Carrer de Sardenya, 317, 08013 Barcelona",+34 932 316 280,,,Restaurante,,new,
Kurz & Gut Diagonal Mar,España,,"Av. Diagonal, 3, 08019 Barcelona",+34 933 56 20 89,info@kurzgut.com,https://kurzgut.com,Cervecería/Restaurante,,new,
La Taberna Gallega de Marcos,España,,"C/ de la Marina, 16-18, 08005 Barcelona",+34932208154,info@latabernagallega.com,https://latabernagallega.com,Restaurante Gallego,,new,
Agua,España,,"Passeig Marítim de la Barceloneta, 30, 08003 Barcelona",+34932251272,agua@grupotragaluz.com,https://grupotragaluz.com/restaurante/agua/,Restaurante,,new,
Bar Sant Joan,España,,"Passeig de Sant Joan, 121, 08037 Barcelona",934586611,barsantjoan121@gmail.com,,Bar/Restaurante,,new,
Bar El Faro,España,,"Carrer de Menorca, 60, 08020 Barcelona",+34 933 14 56 78,elfaro@menorca60.com,,Bar,,new,
DORA Restaurant Sant Andreu,España,,"Carrer de Malats, 16, 08030 Barcelona",+34 930 11 31 10,info@dorasantandreu.com,https://www.dorasantandreu.com,Restaurante Mediterráneo,,new,
Shiro,España,,"C. de París, 163, 08036 Barcelona",+34934146430,info@shirobcn.com,https://www.shirobcn.com,Restaurante Asiático,,new,
El All i Oli,España,,"C/ Gran de Sant Andreu, 142, 08030 Barcelona",+34 933 11 45 11,all-i-oli@gmail.com,,Restaurante de Mercado,,new,
Bar Bodega Jose,España,,"Carrer de Piferrer, 120, 08016 Barcelona",+34933547788,,,Bar,,new,
Restaurante Vigo,España,,"Carrer d'Aragó, 350, 08037 Barcelona",934573246,,,Restaurante,,new,
Restaurante El Alamo,España,,"Carrer del Santuari, 28, 08032 Barcelona",+34 934292800,,,Restaurante,,new,
Telepizza,España,,"Avinguda de la Mare de Déu de Montserrat, 163, 08041 Barcelona",934555800,atencionalcliente@telepizza.com,https://www.telepizza.es,Pizzería,,new,
Ca La Rosa,España,,"Passeig de Santa Coloma, 39, 08030 Barcelona",+34 933 46 95 32,calarosa@gmail.com,,Bar Restaurante,,new,
Restaurante El Mató,España,,"Carrer del Bisbe Català, 10, 08034 Barcelona",+34 932 04 36 42,,,Restaurante,,new,
Bar Restaurante Los Extremeños,España,,"Carrer de Cartellà, 120, 08016 Barcelona",933496305,,,Bar Restaurante,,new,
Bar Los Amigos,España,,"Carrer del Carmel, 22, 08032 Barcelona",+34 934072222,,,Bar,,new,
Bar Restaurante Almedina,España,,"Carrer de la Torre Vélez, 2, 08041 Barcelona",934369062,taperiaalmedina@gmail.com,,Bar de Tapas,,new,
CRU Restaurant,España,,"Carrer de Pau Claris, 122, 08009 Barcelona",+34 932 72 38 10,renaissance.barcelona@marriott.com,https://www.marriott.com/,Restaurante de Hotel / Internacional,,new,
Bar Bodega Quimet,España,,"Carrer de Vicenç Bou, 7, 08016 Barcelona",933515566,,,Bar,,new,
A Flama Restaurant,España,,"Passeig de Torras i Bages, 63, 08030 Barcelona",+34 633 45 42 12,info@aflamarestaurant.com,https://aflamarestaurant.com,Restaurante Brasería,,new,
Restaurante Gorría,España,,"Carrer de la Diputació, 421, 08013 Barcelona",+34 932 451 164,restaurante@gorria.com,http://www.gorria.com,Restaurante,,new,
Castell de Xàtiva,España,,"Carrer de València, 360, 08009 Barcelona",+34 934 58 34 18,xativa2003@hotmail.es,https://www.castelldexativarestaurant.com/,Arrocería,,new,
La Brotxeta,España,,"Carrer de Sant Adrià, 31, 08030 Barcelona",+34 933 11 57 13,labrotxeta@yahoo.es,,Restaurante Brasería,,new,
Restaurante Mediterráneo,España,,"Carrer del Doctor Pi i Molist, 2, 08016 Barcelona",933531100,med@restaurante.com,http://www.restmed.es,Restaurante,,new,
Restaurant Hai Tian,España,,"Carrer del Segle XX, 9, 08041 Barcelona",933518302,,,Restaurante Chino,,new,
VIPS Som Multiespai,España,,"Av. de Rio de Janeiro, 42, 08016 Barcelona",+34932765360,atencioncliente@vips.es,https://www.vips.es,Restaurante Multicocina,,new,
Starbucks Diagonal Mar,España,,"Av. Diagonal, 3, 08019 Barcelona",+34 933 56 02 00,,https://www.starbucks.es,Cafetería,,new,
Bar Sant Jordi,España,,"C/ Gran de Sant Andreu, 321, 08030 Barcelona",+34 933 11 67 02,,,Bar,,new,
El Nou Antull,España,,"Carrer de Sant Antoni Maria Claret, 318, 08041 Barcelona",934351649,info@antull.cat,https://antull.cat,Restaurante,,new,
Bar El Tapeo de Nou Barris,España,,"Carrer de Sant Iscle, 32, 08016 Barcelona",933516644,,,Bar,,new,
Restaurante Llivia,España,,"Passatge de Llívia, 43, 08041 Barcelona",934350099,info@restaurantllivia.com,,Restaurante,,new,
Bar San Remo,España,,"Carrer de Buenos Aires, 11, 08029 Barcelona",934100613,,,Bar,,new,
Udon Diagonal Mar,España,,"Av. Diagonal, 3, 08019 Barcelona",+34 933 56 04 22,info@udon.es,https://www.udon.es,Restaurante,,new,
Bar Restaurante El Cruce,España,,"Ronda del Guinardó, 120, 08041 Barcelona",934350101,,,Bar Restaurante,,new,
Sushi Shop Diagonal,España,,"Av. Diagonal, 467, 08036 Barcelona",+34902242324,diagonal@sushishop.es,https://www.sushishop.es,Sushi Bar,,new,
Haagen-Dazs L'Illa,España,,"Av. Diagonal, 557, 08029 Barcelona",934440103,info@haagen-dazs.es,https://www.haagen-dazs.es,Heladería,,new,
El 9 de Loreto,España,,"Carrer de Loreto, 9, 08029 Barcelona",934191632,info@el9deloreto.com,https://www.el9deloreto.com,Restaurante,,new,
Bar Restaurante El Porró,España,,"Carrer de Marina, 218, 08013 Barcelona",+34 932 310 933,,,Bar/Restaurante,,new,
Restaurante Can Valent,España,,"Carrer de Piferrer, 90, 08016 Barcelona",933540056,restaurante@canvalent.com,http://www.canvalent.com,Restaurante,,new,
Ca La Rosa,España,,"Passeig de Santa Coloma, 39, 08030 Barcelona",+34 933 46 95 32,calarosa@gmail.com,,Bar Restaurante,,new,
Izakaya Loreto,España,,"Carrer de Loreto, 18, 08029 Barcelona",934107144,info@izakaya.es,https://izakaya.es,Restaurante Japonés,,new,
Bar S’Olivera,España,,"Carrer de S'Olivera, 1, 08020 Barcelona",+34 933 14 25 36,solivera@barcelona.com,,Bar,,new,
Bar Nou,España,,"Carrer de la Jota, 12, 08016 Barcelona",933543322,,,Bar,,new,
Bar Los Amigos,España,,"Carrer del Segre, 50, 08030 Barcelona",+34 933 45 00 11,,,Bar,,new,
Bar La Palmera,España,,"Carrer del Pintor Alsamora, 11, 08016 Barcelona",933528899,,,Bar,,new,
Restaurante Can Josep,España,,"Carrer de Roger de Flor, 237, 08013 Barcelona",+34 934 571 520,info@restaurante-canjosep.com,https://restaurante-canjosep.com,Restaurante,,new,
Restaurante Basilea,España,,"Carrer de Sant Antoni Maria Claret, 218, 08041 Barcelona",934360251,info@restaurantebasilea.com,http://www.restaurantebasilea.com,Restaurante,,new,
Trieste Kebab y Pizzería,España,,"Carrer del Tajo, 52, 08032 Barcelona",+34 933575306,,,Restaurante,,new,
Bar Bodega Chiqui,España,,"Carrer de Vilapicina, 59, 08016 Barcelona",933405701,,,Bar,,new,
Burger King L'Illa,España,,"Av. Diagonal, 557, 08029 Barcelona",934101011,info@burgerking.es,https://www.burgerking.es,Comida Rápida,,new,
Gelonch,España,,"Carrer de Bailèn, 105, 08009 Barcelona",+34 934 58 12 11,info@gelonch.es,,Cocina de autor,,new,
Restaurante El Reloj,España,,"Carrer de la Vall d'Ordesa, 24, 08016 Barcelona",+34933542211,info@restauranteelreloj.com,https://restauranteelreloj.com,Restaurante Mediterráneo,,new,
En Bandeja S.C.C.L.,España,,"Carrer del Guinardó, 28, 08041 Barcelona",934352507,info@enbandeja.com,http://enbandeja.com,Catering/Restaurante,,new,
Andy Blue S.C.P.,España,,"Calle Segre, 24, 08030 Barcelona",+34 932 74 51 44,,,Restaurante,,new,
Bar Restaurante El Pasaje,España,,"Passatge de Llívia, 21, 08041 Barcelona",934365518,,,Bar Restaurante,,new,
Bar Restaurante El Mirador,España,,"Ronda del Guinardó, 110, 08041 Barcelona",934351234,,,Bar Restaurante,,new,
Aladdin,España,,"Avinguda de Gaudí, 50, 08013 Barcelona",+34 934 353 301,info@restaurantealaddin.com,https://restaurantealaddin.com,Restaurante,,new,
Restaurant Els Tres Porquets,España,,"Carrer d'Escòcia, 3, 08016 Barcelona",933408854,info@tresporquets.cat,http://www.tresporquets.cat,Restaurante,,new,
D'Aprop Diagonal Mar,España,,"Passeig del Taulat, 278, 08019 Barcelona",+34 934 89 82 00,barcelona@ac-hotels.com,https://www.marriott.com,Restaurante,,new,
